,instructions,LLC-stores,L1-icache-load-misses,branch-load-misses,node-load-misses,rd_req,rd_bytes,wr_req,wr_bytes,flush_operations,rd_total_times,wr_total_times,flush_total_times,Label
5661,69907324,19516,80741,278752,0,0,0,0,0,0,0,0,0,0
5704,74805867,4991,10494,588746,4,0,0,0,0,0,0,0,0,0
2903,35365715,20419,123211,95047,0,75,307200,0,0,0,6794522,0,0,1
402,31182312,39462,1428933,143903,0,24,1001472,75,8067072,0,84839151,301843322,0,1
4982,78353686,15419,28910,543045,7,0,0,0,0,0,0,0,0,0
2342,38218357,45082,319996,129454,1,32,131072,12,1380352,0,2756242,8051183,0,1
91,29948120,39013,1153649,114724,0,34,139264,1,28672,0,8485461,3813764,0,1
2052,46570078,34356,1009582,117854,0,9,42496,50,5458944,0,44808049,350342656,0,1
508,42250370,17267,1397745,148573,7,2,8192,22,2341888,0,26733528,267220678,0,1
3768,76006761,568,3145,380500,0,0,0,0,0,0,0,0,0,0
2671,22227427,11881,973205,115401,2,3,12288,1,4096,0,326701,124005,0,1
1160,55242715,23961,539067,53922,0,5,462336,67,5638144,0,85045020,534128674,0,1
2873,17751866,20287,568046,72786,7,17,69632,85,3339776,0,38621075,223406722,0,1
3595,64616620,194,3396,552981,0,0,0,0,0,0,0,0,0,0
2351,38981156,27905,942145,131670,9,41,164864,0,0,0,3531578,0,0,1
3142,85301593,757,19270,184126,0,0,0,0,0,0,0,0,0,0
2840,56657630,21362,261854,104015,1,70,286720,0,0,0,5124956,0,0,1
2730,24465635,20644,710629,92292,2,0,0,0,0,0,0,0,0,1
4837,74898457,3404,12695,570727,0,0,0,0,0,0,0,0,0,0
2493,30154862,32756,743655,124806,2,25,102400,0,0,0,1888225,0,0,1
5253,73592096,797,31800,380609,0,0,0,0,0,0,0,0,0,0
1150,71668253,27045,705072,54393,0,15,1635840,56,4367872,0,66448893,233928472,0,1
2737,48540547,5057,1151978,83111,2,0,0,0,0,0,0,0,0,1
3535,80122843,524,3705,281551,0,0,0,0,0,0,0,0,0,0
1845,113831404,25195,867221,90688,1,29,1043456,5,20480,0,3652680,7493370,0,1
5311,52888002,5605,4758,469278,0,0,0,0,0,0,0,0,0,0
406,20974346,42181,1472707,153683,4,71,2464768,0,0,0,4900080,0,0,1
2658,43915391,29615,366447,68561,0,0,0,72,2103296,0,0,169520448,0,1
2718,52514893,32393,193580,65087,16,14,57344,1,4096,0,1347221,1876993,0,1
2323,38987077,33915,772177,139236,2,30,122880,0,0,0,3148172,0,0,1
2502,32688957,2888,748478,103035,2,30,322048,0,0,0,3447960,0,0,1
444,11435276,47913,1479601,117307,2,84,5408768,0,0,0,6427734,0,0,1
5198,82659825,19113,43383,292188,0,0,0,0,0,0,0,0,0,0
3314,98738668,131,3762,150512,0,0,0,0,0,0,0,0,0,0
4892,62208995,2624,13178,307231,0,0,0,0,0,0,0,0,0,0
3973,68987442,221,9633,466952,0,0,0,0,0,0,0,0,0,0
4918,57263298,409,63550,459977,0,0,0,0,0,0,0,0,0,0
5470,58932955,291,7794,412284,0,0,0,25,3145728,0,0,85320353,0,0
4073,83771251,1898,64400,214389,0,0,0,0,0,0,0,0,0,0
4097,85776713,992,3627,240456,0,0,0,0,0,0,0,0,0,0
5395,72087176,832,3440,469373,0,0,0,0,0,0,0,0,0,0
125,14201299,22420,1051180,126104,1,91,372736,0,0,0,4832184,0,0,1
3250,103755468,817,3536,108952,1,0,0,0,0,0,0,0,0,0
4785,74761304,13844,4954,331649,0,0,0,0,0,0,0,0,0,0
685,23806347,40651,1331819,139002,103,29,1362432,33,1011712,1,56751988,143774982,316518,1
4312,66138244,4099,3429,630426,1,0,0,10,1310720,0,0,625015962,0,0
5105,76540888,5707,7432,771352,0,0,0,8,1048576,0,0,123935891,0,0
364,22706198,37737,1469546,43172,1,49,1829888,0,0,0,3801417,0,0,1
1563,72164509,33145,925585,150410,1,48,4176896,0,0,0,4754247,0,0,1
3376,85877779,6281,8782,358609,0,0,0,0,0,0,0,0,0,0
4368,70532458,181,27130,536296,0,0,0,0,0,0,0,0,0,0
4444,57929421,968,3640,354390,0,0,0,0,0,0,0,0,0,0
2579,25994750,27182,425775,141846,1,1,4096,3,12288,0,116243,835394,0,1
5047,68175985,12906,30854,532948,0,0,0,0,0,0,0,0,0,0
2602,72673754,30991,447437,82177,3,0,0,38,1396736,1,0,19825681,1271181,1
772,24585886,33368,1136133,58476,3,20,2314752,33,2457600,0,87155008,203976980,0,1
3499,76477052,1093,12685,363782,0,0,0,0,0,0,0,0,0,0
3491,70252989,7598,70660,333133,0,0,0,0,0,0,0,0,0,0
5090,60059373,5648,45159,711676,0,0,0,10,1310720,0,0,46304860,0,0
1925,25170513,7888,24539,7399,0,0,0,74,6089728,0,0,430108665,0,1
4408,69072231,84,23376,549430,0,0,0,0,0,0,0,0,0,0
2507,90657825,19690,834202,102425,0,33,132096,0,0,0,2799566,0,0,1
3546,75821178,142,3341,368243,0,0,0,0,0,0,0,0,0,0
3757,64870806,145,3532,426645,2,0,0,0,0,0,0,0,0,0
4760,71371033,624,43441,185957,0,0,0,0,0,0,0,0,0,0
1879,6936135,22608,23828,117364,2,14,1143296,53,5121536,0,76901297,381221793,0,1
3151,87678105,5439,3732,211638,0,0,0,0,0,0,0,0,0,0
487,69209212,42807,1357034,137125,6,55,393216,4,16384,0,8720560,6351095,0,1
2603,69513822,26036,485653,33258,2,0,0,59,925696,0,0,15191099,0,1
2548,33654180,28411,598756,90808,4,9,36864,0,0,0,862282,0,0,1
5454,34575898,5620,3322,404719,2,0,0,23,3014656,0,0,40077795,0,0
1019,36337776,23028,939584,68563,0,54,3925504,0,0,0,4692120,0,0,1
2064,40743102,20721,1371131,59551,3,45,175104,12,843776,0,3814061,3313971,0,1
975,61240884,21654,233406,98914,1,35,2756608,0,0,0,3371758,0,0,1
4498,66697176,6377,3517,413937,0,0,0,0,0,0,0,0,0,0
375,33977462,36679,1385238,162626,1,44,1702912,21,696320,1,15121827,22170828,1658085,1
979,42769866,17239,196083,46935,0,53,3629568,0,0,0,8096060,0,0,1
4549,64736637,376,3247,360284,0,0,0,0,0,0,0,0,0,0
2501,27822137,27077,664683,131839,2,31,126976,0,0,0,2896064,0,0,1
3981,87133913,12989,90566,220703,0,0,0,0,0,0,0,0,0,0
41,10774504,7126,4491,522,1,108,442368,0,0,0,4348034,0,0,1
5852,67882185,3336,8747,640749,0,0,0,0,0,0,0,0,0,0
843,48182597,25902,510680,156527,3,0,0,98,9353216,0,0,53787048,0,1
465,30854901,36732,1683533,84530,2,55,1874944,0,0,0,4695943,0,0,1
4648,73730263,6011,12998,306008,1,0,0,0,0,0,0,0,0,0
4795,80094917,19630,4866,430117,0,0,0,0,0,0,0,0,0,0
1989,24156085,3505,1031100,140622,7,24,274432,1,4096,0,1380834,40100,0,1
2133,7213545,27771,909200,91931,0,37,1338880,0,0,0,8388818,0,0,1
1097,71573550,22336,545533,81445,1,6,167424,44,4887040,0,36479440,470980537,0,1
1890,18006808,28452,149216,95739,0,35,2171904,5,49152,0,16000138,10711178,0,1
839,22933419,17127,714218,129702,2,15,1516544,60,4628480,1,27501148,252163597,11495820,1
3482,61138512,4604,56721,523666,0,0,0,0,0,0,0,0,0,0
687,24484626,42349,966491,138200,38,13,787968,40,3914752,0,30475872,414112669,0,1
4512,72226855,3579,5247,457404,0,0,0,0,0,0,0,0,0,0
346,25271819,40219,1308730,136540,1,4,50176,56,6475776,0,11537392,177551356,0,1
701,23283086,45762,546518,136437,0,44,1673216,38,327680,4,4827693,2289714,3351540,1
3692,66314944,206,3337,434016,0,0,0,0,0,0,0,0,0,0
396,26534267,39180,1187372,135695,0,42,996352,61,7264768,0,2856121,149578310,0,1
946,49096545,13898,1214664,25856,0,9,730112,53,4253696,0,58782261,432672889,0,1
4773,74523035,8916,5838,372167,0,0,0,0,0,0,0,0,0,0
1987,27110247,17374,988776,87180,4,0,0,67,6604800,0,0,251855518,0,1
4519,70320166,3942,12074,423417,0,0,0,2,147456,0,0,7801624,0,0
1512,18020960,18684,166405,5879,0,46,4297216,0,0,0,4259724,0,0,1
4624,73791553,15768,5663,531822,0,0,0,2,8192,0,0,159347,0,0
5194,65901254,690,12006,480749,0,0,0,0,0,0,0,0,0,0
4251,30999718,4011,4059,584369,0,0,0,0,0,0,0,0,0,0
1182,74149934,28364,405791,47897,1,67,5961728,0,0,0,7685938,0,0,1
3775,75953058,8078,9246,364045,0,0,0,0,0,0,0,0,0,0
4799,84404447,4614,39692,428180,0,0,0,0,0,0,0,0,0,0
2019,62592687,10094,597628,127164,1,54,248832,1,4096,0,4689394,644630,0,1
3276,105310529,7470,6354,130865,0,0,0,0,0,0,0,0,0,0
3126,87034329,238,3738,181747,0,0,0,0,0,0,0,0,0,0
4986,72708721,23905,13700,423954,0,0,0,0,0,0,0,0,0,0
2471,29344165,13538,523096,106097,0,3,12288,81,7772160,0,38392656,758581324,0,1
4680,82388205,9636,9956,304332,0,0,0,17,2097152,0,0,82432368,0,0
2188,35491991,449,898922,6084,0,37,151552,0,0,0,2294749,0,0,1
205,23118666,33492,1410993,127849,0,206,5347840,1,4096,0,9200496,44523,0,1
4744,84805128,1269,9023,496880,0,0,0,0,0,0,0,0,0,0
3588,67056706,509,111703,445283,2,0,0,0,0,0,0,0,0,0
3932,55438620,979,3530,324204,1,0,0,0,0,0,0,0,0,0
1853,36904668,36774,721941,97512,5,38,2735616,16,270336,0,20445466,9226589,0,1
509,35889895,40150,1356404,123489,0,11,45056,172,20481024,0,355289,229291254,0,1
5033,78547321,5171,10239,319329,1,0,0,0,0,0,0,0,0,0
5441,74438920,448,7077,463670,0,0,0,0,0,0,0,0,0,0
2409,34669578,24353,528516,167519,9,50,205312,1,4096,0,4413703,65075,0,1
2577,26684496,17025,763374,130100,0,4,16384,2,8192,0,299875,521517,0,1
3210,101694464,404,5619,102001,0,0,0,0,0,0,0,0,0,0
867,46864545,31793,565989,74800,5,26,819200,55,557056,6,3556782,3616598,2688211,1
5587,67057169,9359,3775,525861,0,0,0,1,4096,0,0,87434,0,0
1420,33055325,14062,150415,12972,3,23,2340864,44,4836864,0,69522576,656997988,0,1
2213,44426282,19909,1337380,171497,6,18,84480,0,0,0,1675526,0,0,1
1595,389790,42918,1045401,130778,1,0,0,7,853504,0,0,1988674,0,1
4778,68337252,12627,34158,388196,1,0,0,16,2097152,0,0,67338696,0,0
64,26212122,31174,1313804,120730,1,81,360448,0,0,0,4488509,0,0,1
526,40052700,52822,1491356,159295,1,94,419328,9,36864,0,7692718,7554941,0,1
4248,22461046,2841,381353,415997,5,0,0,0,0,0,0,0,0,0
4623,79577269,8006,11743,304725,0,0,0,0,0,0,0,0,0,0
3939,78318687,291,101313,397595,0,0,0,0,0,0,0,0,0,0
1307,54371527,34489,1220248,50923,2,49,2681344,0,0,0,4254649,0,0,1
816,32446540,33504,680984,64591,2,20,1244160,44,2813440,1,43636310,214909556,698599,1
5152,63888932,3417,16294,269743,0,0,0,0,0,0,0,0,0,0
2619,40956618,20944,716724,36885,0,2,8192,0,0,0,213086,0,0,1
5511,72361786,4709,3317,344227,1,0,0,25,3145728,0,0,26780861,0,0
1139,58516434,23244,648499,27328,2,51,4567552,1,8192,0,4343992,459248,0,1
2280,35898588,33600,690178,128107,6,98,1614848,0,0,0,8319178,0,0,1
3065,27252589,8122,90415,85649,1,0,0,0,0,0,0,0,0,0
5496,45702679,14717,260003,283705,3,0,0,0,0,0,0,0,0,0
1256,78824677,36511,1055730,95398,0,34,3970048,0,0,0,3492675,0,0,1
1204,57088555,25944,1158064,32431,1,12,963584,50,3027968,0,273947924,509191284,0,1
5772,83633209,404,8498,458100,0,0,0,0,0,0,0,0,0,0
791,20722679,23159,914318,122625,4,19,1784320,39,1182720,1,33579368,123386323,383468,1
286,28055421,42279,1335214,124531,0,0,0,29,184320,0,0,34553655,0,1
543,21470016,28124,1268591,151962,0,104,4071424,0,0,0,23011558,0,0,1
2909,3627875,13807,610580,145599,0,75,307200,0,0,0,6154457,0,0,1
4823,63722416,10757,16507,306467,0,0,0,0,0,0,0,0,0,0
1013,66399777,30053,302472,23827,0,15,906240,54,4340224,0,46037829,411759316,0,1
5800,78273765,44859,5852,269214,0,0,0,0,0,0,0,0,0,0
717,13153544,19020,617743,96070,2,42,3397120,31,259072,4,20187216,2889796,2344688,1
1492,25027834,44087,477129,37865,0,5,528384,61,7164928,0,321321,56165901,0,1
4770,78434497,6388,5456,286545,0,0,0,0,0,0,0,0,0,0
1130,41824065,21974,617192,41252,0,50,3945984,1,65536,0,4345685,131342,0,1
3946,75832168,588,24440,352696,5,0,0,0,0,0,0,0,0,0
5933,62681440,5718,4297,627191,0,0,0,1,8192,0,0,132193,0,0
1033,48124022,4947,794529,52530,1,50,3952640,0,0,0,4472564,0,0,1
1979,25269582,38147,971001,84051,1,12,150528,74,7543808,0,39800140,362077127,0,1
3975,68590115,333,3190,423977,0,0,0,0,0,0,0,0,0,0
5757,80372993,912,5433,495111,0,0,0,0,0,0,0,0,0,0
3953,78575626,522,3468,318931,0,0,0,0,0,0,0,0,0,0
3771,69424789,144,3377,400517,0,0,0,0,0,0,0,0,0,0
231,28690627,32649,1180593,144624,0,64,516096,0,0,0,4420214,0,0,1
1947,25857932,10506,1216764,120097,0,54,2297344,1,4096,0,20851136,51285,0,1
408,21567103,45600,1564481,173142,5,59,2456064,0,0,0,5121877,0,0,1
4282,76215298,220,152539,555570,0,0,0,0,0,0,0,0,0,0
751,15628221,9111,783535,30043,1,17,1302016,28,1312256,1,18550645,142410306,812821,1
2048,34584930,27141,1376041,134093,2,6,24576,25,2379776,0,18056761,246069771,0,1
2606,33891650,23257,400308,24059,2,1,4096,35,3658752,0,2385365,331285378,0,1
1832,29061327,29073,1072144,34559,11,27,3104768,0,0,0,31691246,0,0,1
3183,72697658,73,3102,462964,0,0,0,0,0,0,0,0,0,0
794,24221839,26281,903877,136131,19,20,1340928,42,3642880,1,42999129,201492778,1514523,1
1415,3798406,231,227741,13120,2,57,5162496,0,0,0,6779384,0,0,1
1442,2592340,10426,15776,8899,0,23,2313216,55,5569536,0,166126283,464992452,0,1
4283,73095821,263,3400,560938,0,0,0,0,0,0,0,0,0,0
5418,72738716,672,4306,485087,0,0,0,0,0,0,0,0,0,0
106,27684349,14451,911378,133401,0,66,270336,0,0,0,3408185,0,0,1
242,39256156,16972,1331467,189583,0,70,286720,0,0,0,3405359,0,0,1
222,29640726,28183,1301761,140215,0,85,1382912,2,8192,0,9081853,5647028,0,1
5044,69314768,439,11057,546184,0,0,0,0,0,0,0,0,0,0
5313,63735181,822,15182,399548,0,0,0,10,1310720,0,0,9331413,0,0
1743,28469790,18959,541311,91077,1,46,2612224,0,0,0,4358714,0,0,1
59,34688987,22691,799976,154285,0,98,825344,0,0,0,4767582,0,0,1
780,20768642,35,1019055,61721,0,21,2118144,33,949248,1,36809122,124883854,641384,1
4040,85147561,622,3413,222071,0,0,0,0,0,0,0,0,0,0
5077,58460649,728,3871,311073,0,0,0,18,2097152,0,0,75159434,0,0
3043,16455176,9186,651858,108389,4,0,0,0,0,0,0,0,0,0
2751,57008548,15645,587995,76170,0,4,16384,16,27648,0,453686,1118505,0,1
4545,71399249,15536,24400,435867,2,0,0,0,0,0,0,0,0,0
2585,26094634,10841,341951,154070,3,0,0,77,425984,0,0,20763044,0,1
5160,73440135,918,49000,332150,0,0,0,0,0,0,0,0,0,0
829,15150118,19551,166473,62600,2,8,915968,45,4286464,1,9417898,260354157,785807,1
852,65938665,15431,514172,91739,7,40,2869760,64,499712,8,15064362,5022152,3002435,1
3062,6928809,5615,344382,76416,8,0,0,0,0,0,0,0,0,0
4586,63644343,292,128613,353603,0,0,0,0,0,0,0,0,0,0
5905,52624629,1285,5979,504124,0,0,0,0,0,0,0,0,0,0
1650,2720326,33432,19813,7694,0,7,194048,53,2286080,0,37418104,189914197,0,1
638,28557879,38118,1129368,149507,2,51,2804736,39,335872,4,21135594,3847776,2641244,1
5955,17065964,14266,27043,561033,0,0,0,0,0,0,0,0,0,0
2203,48988141,17535,1424967,169359,4,3,12288,29,2739200,0,20567155,236775317,0,1
9,22808845,386,22814,5812,0,0,0,0,0,0,0,0,0,1
1848,38966917,26477,708476,94679,1,41,3854848,14,753664,0,26644639,3317791,0,1
3633,62564353,1420,6350,469154,0,0,0,0,0,0,0,0,0,0
1359,26473575,1841,136275,1255,2,44,3528192,0,0,0,3943840,0,0,1
5539,72388534,188,3890,430623,1,0,0,0,0,0,0,0,0,0
215,23661305,51025,1448120,158360,0,135,552960,0,0,0,5378856,0,0,1
2024,39843135,27717,742149,10247,4,41,167936,4,49152,0,3082540,239674,0,1
4804,75820266,6889,36317,274921,3,0,0,16,2097152,0,0,18570676,0,0
1016,28482115,28002,492720,83633,0,17,1588224,46,3667968,0,44109585,264494856,0,1
2731,22312190,26854,933636,114637,1,0,0,0,0,0,0,0,0,1
5477,55428507,9018,8712,372602,1,0,0,25,3145728,0,0,124914498,0,0
2405,41754327,21302,943066,117573,3,17,1155584,28,839680,0,7520586,2566225,0,1
5692,73544616,5834,6241,207071,0,0,0,24,3145728,0,0,40374118,0,0
1927,25284939,11106,842781,24746,1,0,0,36,3130368,0,0,287370270,0,1
2397,37423725,15257,516276,133114,2,45,184320,6,126976,1,9411687,24857310,358845,1
2368,30138879,37075,1204947,172001,1,2,8192,25,2896896,0,28000434,171097648,0,1
564,30722484,29350,1569995,132643,12,27,2622464,47,4489216,0,193042584,351672543,0,1
5751,63575412,5800,117666,740560,0,0,0,6,659456,0,0,2443466,0,0
4722,79048437,5052,5469,258890,0,0,0,0,0,0,0,0,0,0
2423,35086411,24516,471564,148333,7,2,8192,2,135168,0,68177275,69021256,0,1
467,29020601,32709,1550066,120275,0,20,464384,1,4096,0,2028751,245596,0,1
5281,81643399,10964,67682,572143,0,0,0,0,0,0,0,0,0,0
708,24047643,34844,361091,156388,2,54,1474048,44,479232,5,6939000,3375194,4187972,1
1545,31264793,39311,1201859,145923,0,1,4096,30,2995200,0,31069956,486038220,0,1
1305,41986722,27986,1266579,67167,5,59,6107136,0,0,0,7321975,0,0,1
5202,69358415,186,6555,342727,0,0,0,0,0,0,0,0,0,0
3516,72783692,368,11458,392629,1,0,0,0,0,0,0,0,0,0
299,34408252,24272,1367441,143969,1,0,0,189,3104768,0,0,28053238,0,1
5066,81160374,274,9967,663698,1,0,0,0,0,0,0,0,0,0
4817,83027303,3186,9635,279028,1,0,0,0,0,0,0,0,0,0
4830,62353416,1199,5823,479059,0,0,0,0,0,0,0,0,0,0
2906,45467735,19180,359574,130302,1,70,286720,0,0,0,5644247,0,0,1
3678,65190598,322,13772,470650,0,0,0,0,0,0,0,0,0,0
3161,87815007,620,12847,208317,0,0,0,0,0,0,0,0,0,0
3475,54300398,661,3075,625568,0,0,0,0,0,0,0,0,0,0
4846,65119388,15452,8029,497823,1,0,0,8,1048576,0,0,42882285,0,0
641,36728902,64435,1395006,134306,0,44,2448896,30,262144,3,15092335,2716044,955342,1
2153,28411,10282,849690,16779,0,8,1048576,3,32768,0,8643447,212281,0,1
4068,84802429,3431,3645,224131,0,0,0,0,0,0,0,0,0,0
4929,60455215,1314,7423,696898,3,0,0,16,2097152,0,0,40618973,0,0
1942,32235098,4263,948694,105259,0,37,3680256,1,4096,0,20745685,120020,0,1
226,31372854,41023,1471118,199770,0,75,2600448,1,4096,0,5562367,445559,0,1
336,16161060,23196,1187033,112202,6,47,1273856,13,1474560,0,7468319,15951246,0,1
267,28751176,44179,1292956,160970,3,38,1432576,1,4096,0,2832115,611513,0,1
3444,90960590,2248,47664,235944,0,0,0,0,0,0,0,0,0,0
4388,63311903,5398,27871,540018,0,0,0,0,0,0,0,0,0,0
4976,80562514,1158,9501,510157,0,0,0,36,4456448,0,0,45723541,0,0
5653,79925800,5572,14573,295478,0,0,0,0,0,0,0,0,0,0
2265,18251594,22570,1306194,164581,0,0,0,100,9297920,0,0,36853023,0,1
901,32342886,35600,704214,48381,1,36,3321856,51,512000,0,8578084,3585430,0,1
1686,18468130,4644,1168727,123306,10,39,3046912,0,0,0,3970827,0,0,1
5592,66703310,7868,3688,645276,1,0,0,0,0,0,0,0,0,0
4273,67729364,365,159554,555666,0,0,0,0,0,0,0,0,0,0
4824,69086225,1838,63469,267492,0,0,0,0,0,0,0,0,0,0
2284,24886493,20387,945740,129689,3,30,2642432,0,0,0,13829557,0,0,1
2364,24245459,29754,936432,52328,1,0,0,7,595456,0,0,1192632,0,1
3029,9857320,4857,204571,63004,0,0,0,0,0,0,0,0,0,0
252,31745319,26967,1483902,118557,1,31,1142784,1,4096,0,2898261,340627,0,1
575,25893674,38728,1188644,152326,2,58,3156480,0,0,0,26624667,0,0,1
2598,55842197,36296,83509,81987,3,0,0,125,995328,0,0,5690249,0,1
1572,748484,43462,543367,157411,2,54,3209216,0,0,0,4777174,0,0,1
3368,91575353,1054,3932,375876,0,0,0,0,0,0,0,0,0,0
5798,81221627,33908,9346,220172,0,0,0,0,0,0,0,0,0,0
3169,86837894,147,3756,212722,1,0,0,0,0,0,0,0,0,0
563,34912427,22875,1531552,149048,5,18,1220608,19,1832960,0,93526280,327135349,0,1
5306,67591862,3701,5489,425295,1,0,0,0,0,0,0,0,0,0
5720,75756051,16780,4028,530476,2,0,0,0,0,0,0,0,0,0
1057,30121738,15761,623893,85141,0,5,123392,34,3522560,0,27644946,255992264,0,1
3933,66924152,2066,4007,251367,0,0,0,0,0,0,0,0,0,0
5259,70460231,6800,11398,287526,0,0,0,0,0,0,0,0,0,0
1727,22888577,23256,808391,24335,0,10,909312,104,10284544,0,2880894,237129580,0,1
4449,52226780,7226,3578,492251,0,0,0,0,0,0,0,0,0,0
2309,34317269,29179,1204670,156187,0,2,8192,37,4061696,0,25789536,384365215,0,1
1268,100397945,35407,1170638,149865,0,2,167424,50,4513792,1,482589,359670232,9294303,1
4412,56854974,394,3836,615707,0,0,0,8,1048576,0,0,27539735,0,0
4016,67525773,1869,13003,504836,0,0,0,0,0,0,0,0,0,0
37,28414,0,17437,529,0,87,392192,0,0,0,4022355,0,0,1
4590,78602451,661,3186,545862,7,0,0,9,1048576,0,0,36168750,0,0
2604,85076345,18801,317450,50263,9,0,0,101,1040384,0,0,17539585,0,1
3096,60872392,3346,10821,519073,0,0,0,0,0,0,0,0,0,0
4745,64171339,22785,10236,440996,0,0,0,0,0,0,0,0,0,0
3300,92318425,181,7557,163104,0,0,0,0,0,0,0,0,0,0
3798,70797240,638,15323,421324,0,0,0,0,0,0,0,0,0,0
3606,66897669,504,3403,547521,0,0,0,122,15740928,0,0,114601219,0,0
2273,24084420,32745,1328783,152853,0,34,3304960,4,16384,0,32595594,4698245,0,1
2633,7013304,23984,380075,93022,0,0,0,0,0,0,0,0,0,1
5514,69318161,3828,48720,185271,7,0,0,28,3125248,1,0,56283098,5788167,0
2187,41761235,1,861594,24324,7,18,73728,0,0,0,1338747,0,0,1
2225,56560437,8262,1242897,73016,0,28,114688,0,0,0,2300988,0,0,1
637,26314547,39004,1404782,125814,2,67,2664960,41,344064,5,12598843,2758449,3773686,1
4199,79669312,1404,286306,402753,0,0,0,98,12845056,0,0,58290344,0,0
5317,60384093,9500,27279,313748,0,0,0,0,0,0,0,0,0,0
2482,18109853,8907,128074,125304,1,14,57344,33,1449984,0,39174115,147883900,0,1
1822,32057306,29623,1000479,136504,2,13,1231360,31,2369536,0,22380933,162749356,0,1
1573,161729,43200,734123,156131,0,45,3380224,0,0,0,4783037,0,0,1
3231,104580193,186,7069,118058,0,0,0,0,0,0,0,0,0,0
4880,73248307,11083,10770,326329,0,0,0,0,0,0,0,0,0,0
4407,66968325,144,3439,555674,0,0,0,0,0,0,0,0,0,0
3809,74044826,5169,26679,411685,1,0,0,0,0,0,0,0,0,0
3610,62987589,3266,7495,510346,0,0,0,0,0,0,0,0,0,0
194,29403179,44061,1430929,145130,0,60,4614656,0,0,0,5178948,0,0,1
3895,61686351,3391,7358,580263,0,0,0,0,0,0,0,0,0,0
2458,30153882,23108,1141697,16974,0,56,229376,0,0,0,3621060,0,0,1
2043,65455259,38571,973643,90418,5,5,20480,54,3991552,0,17517775,277350181,0,1
3884,66835575,284,3562,392834,0,0,0,0,0,0,0,0,0,0
5029,65819390,6981,9392,624623,0,0,0,0,0,0,0,0,0,0
2679,23583565,10543,1369933,244239,0,2,8192,1,4096,0,247457,118262,0,1
371,36643086,23157,1458648,136540,0,18,1640448,111,3911680,0,6880447,34721775,0,1
1665,26248579,11554,906632,156643,3,40,3468800,0,0,0,4556928,0,0,1
4860,71821555,11162,9948,448492,0,0,0,9,1048576,0,0,37582859,0,0
827,17197797,16582,773240,42441,4,39,3656704,25,281088,2,53347007,53170015,861381,1
1852,29841310,23159,449938,152468,2,31,1692672,5,24576,0,14089032,7701478,0,1
1207,38173238,5393,504617,70479,0,11,1098240,6,296448,0,185445071,132884449,0,1
1598,1237385,35391,1188300,130514,0,12,989184,51,4802048,0,72330961,248008540,0,1
3548,76647204,509,56094,371010,0,0,0,0,0,0,0,0,0,0
911,29737267,20349,452743,39376,0,46,4335104,0,0,0,22940308,0,0,1
1765,56455046,33669,1180158,160848,3,5,289280,87,8868864,0,16433545,708633083,0,1
461,32819468,39039,1365928,119634,5,116,3027456,1,4096,0,7940385,48367,0,1
5222,77694466,384,28939,460034,0,0,0,0,0,0,0,0,0,0
230,46157310,31983,1644823,144504,0,38,663552,1,4096,0,4749357,2440421,0,1
1252,62245694,18595,843999,131663,2,39,1841664,15,389120,0,3884810,1403440,0,1
5596,63259335,1138,6509,443351,0,0,0,0,0,0,0,0,0,0
2516,35549612,12542,343067,82087,1,7,28672,0,0,0,763539,0,0,1
4991,79012174,15530,4163,381117,0,0,0,0,0,0,0,0,0,0
229,47490590,33755,1330762,173593,1,86,1110016,0,0,0,6416433,0,0,1
4418,62868754,3457,3639,507544,0,0,0,0,0,0,0,0,0,0
5734,64757527,8974,55365,409934,0,0,0,0,0,0,0,0,0,0
1806,56602224,40245,917277,142876,0,0,0,0,0,0,0,0,0,1
5256,58633779,5474,15307,272455,0,0,0,0,0,0,0,0,0,0
5163,75014796,5013,8586,317424,0,0,0,8,1048576,0,0,183071193,0,0
3218,82999934,5881,15942,120440,0,0,0,0,0,0,0,0,0,0
2813,15708430,13288,669940,83607,0,6,24576,26,2714624,0,42196602,475000242,0,1
1867,58533186,29283,345539,128165,7,14,1453568,61,3172352,0,17643514,65170595,0,1
1546,26360243,38676,1266140,155643,4,2,76288,84,9186304,0,21748117,266721453,0,1
2891,67774843,25707,598946,86979,0,65,266240,3,217088,0,6875500,451974,0,1
4205,74425579,517,3767,420226,0,0,0,0,0,0,0,0,0,0
2741,32158938,23961,296486,90603,5,0,0,0,0,0,0,0,0,1
4767,78584459,3062,7528,411334,1,0,0,0,0,0,0,0,0,0
392,29552714,45687,1619616,154963,1,92,2907648,0,0,0,6675353,0,0,1
5458,72305594,588,6753,401869,0,0,0,0,0,0,0,0,0,0
4527,67861857,4195,3569,431088,0,0,0,0,0,0,0,0,0,0
2643,45568073,21433,707208,103340,0,0,0,21,1179648,0,0,79837343,0,1
3717,65796239,300,7253,384584,0,0,0,10,1310720,0,0,13416117,0,0
5953,66462122,686,32561,604406,0,0,0,0,0,0,0,0,0,0
2497,23278169,17879,1141769,133483,2,25,102400,0,0,0,2178392,0,0,1
4332,64192243,20301,401228,475883,0,0,0,0,0,0,0,0,0,0
747,22037221,9409,691010,52662,18,16,1126912,49,3392512,1,31685451,166299081,828545,1
5992,69689529,8256,40311,493349,3,0,0,1,4096,0,0,119947,0,0
4786,69922177,11210,15270,367580,0,0,0,2,8192,0,0,6093566,0,0
3866,68956346,576,32907,494143,1,0,0,0,0,0,0,0,0,0
1134,45234796,19038,499771,75374,0,48,2534912,0,0,0,4113685,0,0,1
1827,35635766,24637,601369,108799,0,24,1745920,20,2321920,0,40449308,277170516,0,1
4755,77160833,9326,4983,421228,0,0,0,0,0,0,0,0,0,0
3261,73386714,823,5391,132300,3,0,0,0,0,0,0,0,0,0
973,56270709,18152,374705,45058,1,41,3368960,0,0,0,21878101,0,0,1
2325,27209341,31930,1132245,124952,9,32,131072,0,0,0,2365436,0,0,1
171,27126914,22555,1593512,136377,0,45,184320,63,266240,0,31617699,20345137,0,1
356,28424270,36601,1256326,145850,0,71,878592,0,0,0,4676449,0,0,1
5728,60619171,69425,5940,482131,3,0,0,0,0,0,0,0,0,0
699,25826103,13626,377812,137700,0,42,2213888,55,1085440,6,34032225,103361805,2001490,1
228,28450036,37913,1123592,144715,0,101,425472,1,4096,0,6814077,228315,0,1
4128,83905058,1110,3625,256085,0,0,0,0,0,0,0,0,0,0
5383,66948116,18825,3456,491145,0,0,0,0,0,0,0,0,0,0
3212,105161911,3633,9929,124623,0,0,0,0,0,0,0,0,0,0
5971,30294149,4208,8127,354009,0,0,0,18,1634304,0,0,110396662,0,0
583,28011451,22236,1403559,172611,10,59,2702848,0,0,0,15237777,0,0,1
5076,57393003,11135,3495,272696,0,0,0,0,0,0,0,0,0,0
1373,17314367,492,116757,5963,7,7,196096,88,9615872,0,80245718,566938577,0,1
1062,59118842,20872,839091,27803,7,25,2091008,38,2735104,0,67239989,307445582,0,1
5316,67588327,13935,103526,245207,6,0,0,0,0,0,0,0,0,0
2010,31411598,32563,879980,144062,1,29,2792960,16,1138688,0,18452154,3794647,0,1
1872,40083567,28496,51202,126005,0,0,0,0,0,0,0,0,0,1
2465,30955213,17934,594532,166124,1,50,204800,0,0,0,4008705,0,0,1
2772,41711876,21667,596863,128091,0,68,278528,0,0,0,5138521,0,0,1
3604,70438881,343,3452,458543,0,0,0,51,2245632,0,0,199168812,0,0
646,17331344,29381,1507310,131348,2,47,2282496,28,282624,3,14463924,2899287,3040436,1
4749,104093308,14002,15625,293674,0,7,211968,0,0,0,742044,0,0,0
394,22555310,34623,1487701,161788,1,91,2105344,0,0,0,6782795,0,0,1
1834,38322507,31372,473725,107397,3,20,1319424,19,720896,0,3826638,13160322,0,1
2506,54307722,26720,360822,64237,11,26,1121280,0,0,0,7220766,0,0,1
1723,27153137,36093,1392939,40531,1,10,1020928,30,2401280,0,145268639,298595086,0,1
5760,63819419,5485,95578,456826,0,0,0,0,0,0,0,0,0,0
2470,24198284,18103,19237,118701,1,2,8192,47,4433920,0,25836185,406816283,0,1
1226,78561689,32350,919106,85619,1,29,2361856,63,5669888,0,11935685,84079132,0,1
3706,60733294,657,3550,542496,0,0,0,0,0,0,0,0,0,0
4365,70248584,155,341822,581748,0,0,0,8,1048576,0,0,38653360,0,0
650,26688548,43389,1438747,149089,4,43,1666560,25,344064,3,10837704,2614700,3212252,1
4601,85064988,16717,55997,692524,0,0,0,0,0,0,0,0,0,0
3925,82406499,290,8822,111055,0,0,0,0,0,0,0,0,0,0
2943,44998955,14806,152583,33590,0,8,32768,2,8192,0,795932,10418641,0,1
301,27477465,28633,1523489,192009,0,0,0,99,3682304,0,0,19319447,0,1
814,20586632,23007,688517,68665,4,27,2216448,65,621568,1,29990273,142806087,321084,1
1469,6699958,11037,204207,878,6,46,4766208,0,0,0,4923440,0,0,1
3889,63631906,2013,3417,564869,0,0,0,0,0,0,0,0,0,0
3310,96248930,459,6185,145452,0,0,0,0,0,0,0,0,0,0
5162,70367716,1695,5660,328896,0,0,0,0,0,0,0,0,0,0
2830,13632200,19384,408571,44386,4,80,327680,0,0,0,5490124,0,0,1
119,48549341,65142,677972,162475,2,94,441856,8,626688,1,23616649,8595506,1224707,1
2219,52955236,29517,1330929,106407,4,11,1310720,0,0,0,1803442,0,0,1
2413,33596193,28761,597981,108567,0,41,167936,0,0,0,3958898,0,0,1
5328,79030485,2678,5468,295004,0,0,0,0,0,0,0,0,0,0
3374,94713888,12992,6493,323849,0,0,0,0,0,0,0,0,0,0
1185,21249112,22632,273367,69726,0,42,4272128,0,0,0,4675212,0,0,1
2890,27800223,16356,393521,119116,3,68,278528,0,0,0,6339099,0,0,1
5501,72876766,3944,162185,307847,4,0,0,16,2097152,0,0,18028654,0,0
710,17896790,42837,361485,135808,0,56,689664,45,499712,5,4090643,3596178,3929748,1
621,34484003,39881,1475750,145107,0,22,1479168,32,814592,0,54135557,109558385,0,1
5568,56911226,171,9602,300227,0,0,0,0,0,0,0,0,0,0
3005,7410639,6550,522876,64116,7,0,0,0,0,0,0,0,0,0
5218,78931250,14399,35054,400102,0,0,0,29,823296,0,0,32854375,0,0
2171,18725209,5614,1019778,6693,0,36,2749952,2,8192,0,8358237,183628,0,1
4847,67520823,795,29489,195953,0,0,0,9,1048576,0,0,8902714,0,0
2027,32596294,33705,708694,90797,2,0,0,0,0,0,0,0,0,1
4963,67356895,13803,29335,394725,1,0,0,0,0,0,0,0,0,0
30,20145878,12145,4425,5083,2,95,529920,0,0,0,4833093,0,0,1
4891,53397178,22855,5078,342802,14,0,0,0,0,0,0,0,0,0
429,22656470,25451,1393510,105032,3,67,3855360,0,0,0,5332121,0,0,1
5725,53751512,5318,86205,516089,0,0,0,0,0,0,0,0,0,0
1037,29854946,19554,254846,69535,0,49,1722880,0,0,0,4293518,0,0,1
26,60330279,0,181302,18920,0,48,196608,0,0,0,2853026,0,0,1
745,20056373,4245,458040,37228,36,25,2354688,38,1753088,1,51235000,99564548,4894576,1
1704,14173438,34609,767488,4970,2,0,0,73,6275584,0,0,607119913,0,1
181,29760592,30752,1064136,137106,4,66,5483520,0,0,0,5779486,0,0,1
3084,71514621,3419,32693,419002,0,0,0,0,0,0,0,0,0,0
1891,20143604,25392,27611,107602,2,40,1545728,3,12288,0,10611876,535388,0,1
3936,61309766,5299,6749,255423,0,0,0,0,0,0,0,0,0,0
4729,67895217,394,15178,218860,0,0,0,0,0,0,0,0,0,0
4102,87979760,586,3596,244095,0,0,0,0,0,0,0,0,0,0
4369,60992064,7567,3262,531830,0,0,0,0,0,0,0,0,0,0
2944,87994357,20379,149130,7796,0,0,0,3,12288,0,0,4387230,0,1
2360,22305960,26744,934424,164853,1,8,32768,67,2853888,0,36118288,182206265,0,1
1450,9396261,1411,28800,14217,1,9,795648,26,1511424,0,45125839,206687593,0,1
1112,28497302,14024,737083,59178,2,14,1120768,34,3940864,0,46875814,211749822,0,1
1615,1778830,34972,623642,127029,3,2,29184,60,6217216,0,27830316,394752488,0,1
5408,72605373,547,3401,443120,0,0,0,17,1966080,0,0,116817565,0,0
3585,64468147,8982,11390,450600,0,0,0,0,0,0,0,0,0,0
46,5008217,5433,344997,96092,0,110,450560,0,0,0,5357282,0,0,1
2544,29626383,40649,443948,29929,2,2,8192,35,2815488,0,8270652,279961514,0,1
961,30415918,16581,734326,34288,25,37,3713536,52,1175552,0,8162824,15315285,0,1
4964,74630205,12782,3798,365138,1,0,0,0,0,0,0,0,0,0
4227,67955418,450,7836,552554,1,0,0,0,0,0,0,0,0,0
1547,23801349,42447,1299171,155137,8,2,8192,36,3952640,0,28050515,407236274,0,1
5874,65830671,1267,8219,733779,1,0,0,0,0,0,0,0,0,0
4972,55180990,3444,8836,582064,0,0,0,0,0,0,0,0,0,0
2651,43520665,28466,585361,34634,0,2,8192,25,753152,0,778836,75357527,0,1
5403,71225134,10929,30158,465117,0,0,0,0,0,0,0,0,0,0
4047,82178218,225,26705,239191,0,0,0,0,0,0,0,0,0,0
67,28207003,44215,790644,110210,0,132,574464,0,0,0,7118260,0,0,1
2184,40551971,0,532710,11436,3,32,131072,0,0,0,2562065,0,0,1
5484,56296848,3660,277847,52237,3,0,0,16,2097152,0,0,9410241,0,0
4174,65297311,11286,133192,480856,0,0,0,0,0,0,0,0,0,0
2642,43028019,17995,276612,18014,0,1,4096,18,1163264,0,472479,71493535,0,1
2824,40387882,18217,589999,148055,0,42,172032,3,167936,2,5263985,2065776,3003525,1
2965,63291644,11145,532368,162214,5,0,0,2,8192,0,0,584955,0,1
407,17277619,41809,1427223,153251,4,103,2429952,0,0,0,6732498,0,0,1
3437,86912761,6422,12512,226597,0,0,0,0,0,0,0,0,0,0
2918,18696747,12313,297918,126198,0,79,323584,0,0,0,5177154,0,0,1
4711,88817018,437,9488,362191,0,0,0,16,2097152,0,0,39515979,0,0
749,19933174,10284,598774,29257,12,26,2245120,48,2935296,0,66863269,275570129,0,1
4258,65100017,4760,363333,546000,0,0,0,0,0,0,0,0,0,0
2964,32690719,29320,95246,107671,7,0,0,0,0,0,0,0,0,1
2130,4207618,36164,382633,155694,1,53,217088,0,0,0,4807666,0,0,1
494,35878399,61798,719125,142414,0,97,921088,1,8192,0,6112190,227909,0,1
5827,54107123,13892,10302,288352,1,0,0,0,0,0,0,0,0,0
4036,64161200,2437,7289,527340,0,0,0,0,0,0,0,0,0,0
4735,77934838,13652,77182,333394,0,0,0,0,0,0,0,0,0,0
3999,75252222,2073,9542,434286,1,0,0,0,0,0,0,0,0,0
4158,63410312,57,3610,83236,0,0,0,0,0,0,0,0,0,0
1591,1833706,23462,1081739,208017,1,3,138752,75,7702016,0,91795016,2078534574,0,1
2821,29050204,54902,664502,107225,0,16,65536,86,1369600,0,20882967,91800924,0,1
1222,104048871,13819,1355363,140420,0,26,2302464,42,2411008,0,50890325,191390692,0,1
1934,28860851,477,550193,118831,1,0,0,114,10264576,0,0,348483915,0,1
3789,76432429,4735,10307,335833,1,0,0,0,0,0,0,0,0,0
4916,52978334,46990,72789,667898,3,0,0,31,4063232,0,0,198686177,0,0
4821,65405998,5812,71516,274679,1,0,0,0,0,0,0,0,0,0
1227,79023137,12494,1225314,52827,3,47,3375104,0,0,0,3491090,0,0,1
1751,19022210,15653,525189,90651,1,7,156160,28,2754048,0,379995712,955680991,0,1
5792,82668247,13554,3531,266692,0,0,0,0,0,0,0,0,0,0
5421,67566991,328,10514,452036,0,0,0,16,2097152,0,0,78357934,0,0
969,23256460,21312,114670,23958,0,36,2810368,0,0,0,7005525,0,0,1
4890,72813390,11105,5230,312305,0,0,0,0,0,0,0,0,0,0
2709,27060474,18435,1064743,97782,0,0,0,63,7766016,0,0,944247106,0,1
2212,11979568,16045,1211468,180459,0,11,45056,0,0,0,803361,0,0,1
4716,95208539,911,5576,477385,0,0,0,0,0,0,0,0,0,0
2168,27592581,543,1051949,6504,8,7,12800,45,1187840,0,11705289,35942921,0,1
4352,58887521,1714,3549,581949,7,0,0,0,0,0,0,0,0,0
3596,63929522,6601,50491,447359,0,0,0,0,0,0,0,0,0,0
2723,71967114,33049,727112,127629,5,10,40960,7,28672,0,975610,5079338,0,1
1768,23418864,19138,1084332,62972,4,13,1078272,44,2279424,0,52845054,168874125,0,1
4705,68034654,4751,5682,264701,0,0,0,0,0,0,0,0,0,0
2665,21291858,23045,777680,14438,0,2,8192,11,631296,0,6022203,53240538,0,1
4299,62206110,137,122809,555111,0,0,0,0,0,0,0,0,0,0
688,29182389,50285,1556347,144937,1,16,1345536,25,1346048,1,55783089,184695269,446311,1
5122,65598855,6506,92657,499529,0,0,0,0,0,0,0,0,0,0
4260,60572804,421,376577,626231,0,0,0,38,4980736,0,0,34580357,0,0
5472,67632605,194,3712,171429,13,0,0,1,131072,0,0,439868,0,0
3354,91709106,3754,10241,144249,0,0,0,0,0,0,0,0,0,0
4713,79595160,11777,52367,312058,0,0,0,0,0,0,0,0,0,0
3861,78896714,1818,3551,365869,0,0,0,0,0,0,0,0,0,0
297,23601264,32230,1540901,170264,1,0,0,59,696320,0,0,30796921,0,1
3792,73600460,587,8620,418034,1,0,0,0,0,0,0,0,0,0
1588,1292094,20479,490434,104570,0,0,0,64,5692928,0,0,17702169,0,1
5292,70256417,8880,26589,342075,47,0,0,0,0,0,0,0,0,0
5663,67674875,18043,31050,286183,0,0,0,1,126976,0,0,349103,0,0
2929,66633422,5994,401182,45339,2,44,180224,20,2233344,0,29781446,400345837,0,1
3549,74872938,242,3686,358092,0,0,0,0,0,0,0,0,0,0
4710,84238097,16963,5514,474587,0,0,0,0,0,0,0,0,0,0
2886,29922405,23986,538599,35619,3,65,266240,0,0,0,5594352,0,0,1
1195,90460409,2908,1134183,2012,1,53,2716160,1,4096,0,4755306,78945,0,1
875,30489881,24442,179226,52915,0,22,2049024,78,319488,0,1990824,6355118,0,1
5239,73861875,9457,5889,565476,0,0,0,0,0,0,0,0,0,0
3621,69641095,243,3405,479788,1,0,0,0,0,0,0,0,0,0
3060,13982030,5350,140575,93457,1,0,0,2,86016,0,0,875756,0,0
5471,46182047,817,3353,361439,71,0,0,33,4194304,0,0,80297165,0,0
3697,66227820,607,3492,497574,0,0,0,0,0,0,0,0,0,0
2298,45661583,29633,1301544,168357,1,30,122880,3,12288,0,2381527,6493756,0,1
4968,73412137,624,23137,664239,0,0,0,0,0,0,0,0,0,0
3746,67918315,194,3289,456092,1,0,0,0,0,0,0,0,0,0
1759,78314675,11600,637083,37580,7,0,0,51,5419520,0,0,31990109,0,1
60,14712006,34490,478026,96351,2,93,380928,0,0,0,4999758,0,0,1
659,15597969,47894,1455199,122309,1,51,936960,36,430080,4,6476214,4315678,4807801,1
3404,90918600,232,7448,227388,0,0,0,0,0,0,0,0,0,0
36,30990,182,309150,17356,0,66,468992,0,0,0,4090780,0,0,1
5487,40609227,296,63490,293252,0,0,0,16,1966080,0,0,64599793,0,0
5340,84266095,390,6125,775997,0,0,0,0,0,0,0,0,0,0
4901,60261930,5819,5978,267781,8,0,0,0,0,0,0,0,0,0
5750,62015409,838,13915,656396,0,0,0,0,0,0,0,0,0,0
3246,99397722,5877,5210,126858,0,0,0,0,0,0,0,0,0,0
1026,53405993,27375,763909,56903,1,43,4529664,1,69632,0,4815281,208329,0,1
908,34179571,25677,1023423,158439,0,36,2053632,0,0,0,4809374,0,0,1
1881,20157918,17718,34463,120965,0,9,615424,55,4929024,0,26016441,172542964,0,1
1963,41830929,21548,613896,51199,0,0,0,89,462848,0,0,16992160,0,1
3651,63021368,1180,3359,516419,0,0,0,0,0,0,0,0,0,0
2858,47491261,6476,541870,213279,4,0,0,81,376832,0,0,15120123,0,1
2729,50853782,16938,784927,98693,1,0,0,0,0,0,0,0,0,1
2564,24383647,25954,314030,129979,0,1,4096,0,0,0,76566,0,0,1
4086,87807228,617,3759,237487,0,0,0,0,0,0,0,0,0,0
4042,85849754,4179,12870,242517,1,0,0,0,0,0,0,0,0,0
2690,14222048,22869,962476,115608,0,6,24576,1,4096,0,749185,318384,0,1
5074,57138267,5362,3813,477116,1,0,0,0,0,0,0,0,0,0
5085,70130950,15115,22615,250149,0,0,0,0,0,0,0,0,0,0
2984,25631179,7140,631806,49548,1,0,0,32,2561024,0,0,318846269,0,1
3712,61475636,197,7153,465410,0,0,0,0,0,0,0,0,0,0
2152,30993,25184,352435,118115,0,13,1089536,122,13458432,0,2728481,54234485,0,1
172,32770231,26059,1284102,128271,0,35,215552,43,307200,0,25530486,22168075,0,1
1878,7576012,23927,35534,155157,0,6,26112,22,2008576,0,44584975,392465385,0,1
2257,22766912,18141,1285163,154267,1,6,593920,41,3846144,0,65011407,319300872,0,1
1489,67119367,312,355246,20202,0,19,1761792,43,3346432,0,115723379,292438250,0,1
1527,30787273,41719,1416905,62668,18,37,3641344,0,0,0,3431985,0,0,1
3419,83816777,254,3700,262528,0,0,0,0,0,0,0,0,0,0
2857,60469274,908,723559,156941,16,0,0,96,421888,0,0,12806507,0,1
4572,56798750,190,4038,405014,1,0,0,2,8192,0,0,182506,0,0
2182,20314462,0,1229502,63753,0,29,116736,0,0,0,2145835,0,0,1
3086,69133389,4293,111692,272898,0,0,0,0,0,0,0,0,0,0
5266,69556315,13691,28886,258480,0,0,0,0,0,0,0,0,0,0
5346,87387193,4575,42952,652705,0,0,0,0,0,0,0,0,0,0
514,59342415,46497,1426201,129918,6,0,0,0,0,0,0,0,0,1
789,23445069,21857,1006468,84955,1,20,1584640,55,3094016,1,56210996,240772611,5718168,1
90,28480816,39129,1081948,118862,1,91,661504,0,0,0,4923288,0,0,1
2398,24568876,17534,332488,92197,1,55,225280,0,0,0,2789706,0,0,1
4594,47237688,4890,36595,353274,1,0,0,0,0,0,0,0,0,0
5641,75500055,5700,3275,672263,0,0,0,0,0,0,0,0,0,0
3804,78114183,1282,3544,421333,0,0,0,0,0,0,0,0,0,0
2529,51782887,34413,460201,90231,0,0,0,0,0,0,0,0,0,1
1047,71429191,26828,844230,20694,1,9,271872,38,3497984,0,46340265,344165398,0,1
1200,33554631,17280,1045355,23937,3,47,4352512,0,0,0,5088108,0,0,1
1358,27263594,768,117732,4786,0,35,3403264,0,0,0,3425914,0,0,1
5003,68596015,5199,13562,430208,0,0,0,0,0,0,0,0,0,0
4499,72513054,427,6894,436127,0,0,0,0,0,0,0,0,0,0
340,17975592,38171,1311630,141401,0,29,118784,51,3272704,0,3348372,22808091,0,1
2820,29700762,16772,755367,153310,2,16,65536,98,935936,1,18887955,77631245,434380,1
4376,65447364,5600,63990,478476,0,0,0,0,0,0,0,0,0,0
4117,49371334,2265,112918,185303,0,0,0,0,0,0,0,0,0,0
2320,41413594,17480,991597,132116,4,10,40960,69,2881024,0,48121020,445223669,0,1
855,89796031,23305,327494,131803,34,25,1979904,33,266240,4,10119953,2908011,1766386,1
2069,48131665,19930,1420399,15488,4,35,2010112,3,12288,0,10504916,654574,0,1
3753,56707789,16235,3596,262436,1,0,0,0,0,0,0,0,0,0
1232,74145681,11187,628465,45056,0,41,2849792,0,0,0,4016974,0,0,1
4952,55422706,496,30160,818382,0,0,0,0,0,0,0,0,0,0
790,18795327,24772,616852,116574,3,25,2244608,45,1351168,1,44176920,157901520,308741,1
2072,50317331,25425,1030763,90425,1,31,1388544,1,4096,0,2581062,106833,0,1
3671,65713858,1474,3406,448237,0,0,0,0,0,0,0,0,0,0
3735,66273092,707,27647,505268,0,0,0,0,0,0,0,0,0,0
4269,74477550,4306,3967,612817,1,0,0,1,4096,0,0,309337,0,0
1043,83315787,24717,855453,54783,1,5,110080,25,2273280,0,17022097,247761187,0,1
4927,65054678,183,3795,713176,1,0,0,3,77824,1,0,25717103,406653,0
4714,95889477,5208,9792,701901,0,0,0,0,0,0,0,0,0,0
4625,76011214,27045,12923,536492,0,0,0,0,0,0,0,0,0,0
2576,26226639,12646,37577,92385,1,9,36864,1,4096,0,745994,573942,0,1
2234,20256998,23812,841732,151854,0,21,173056,3,262144,0,1999344,519235,0,1
5629,78505557,48454,4202,622162,0,0,0,0,0,0,0,0,0,0
2653,42122296,27163,620915,16255,2,4,77824,41,1988608,0,6078634,116727999,0,1
1346,45489693,485,100064,2468,6,43,4228096,0,0,0,4572829,0,0,1
5131,66646749,787,6128,407754,0,0,0,0,0,0,0,0,0,0
304,31553014,48185,1454803,147080,0,0,0,80,524288,0,0,40764240,0,1
2935,59302131,8949,301320,51548,1,77,315392,0,0,0,6673698,0,0,1
980,40815758,19687,371846,37848,0,33,3038720,0,0,0,10634882,0,0,1
587,33750220,32342,1255653,138279,0,0,0,151,925696,0,0,64259871,0,1
1217,42389774,36994,1125883,71027,3,11,1223680,46,4946432,0,109476381,567482371,0,1
4626,76843232,704,31814,515984,0,0,0,0,0,0,0,0,0,0
2240,47117954,21213,1372437,47677,1,30,245760,1,131072,0,3687307,582031,0,1
144,22142965,43031,1206477,118725,0,53,455680,0,0,0,3986000,0,0,1
4192,75275767,107,3893,432656,0,0,0,0,0,0,0,0,0,0
5209,71687270,917,38952,255616,0,0,0,0,0,0,0,0,0,0
1980,34407965,26014,3671,92513,2,7,65536,15,958976,0,23237062,71625937,0,1
3294,87896986,266,3026,225523,0,2,33792,3,36864,2,122283,564109,2063357,0
4632,73856422,877,6040,374294,0,0,0,0,0,0,0,0,0,0
136,26723594,49108,997948,129971,0,91,372736,0,0,0,5507262,0,0,1
1566,12015532,19160,612550,136733,3,59,2694656,0,0,0,5891188,0,0,1
3127,90469062,445,5692,171924,1,0,0,0,0,0,0,0,0,0
5267,82465803,4475,36903,265840,0,0,0,0,0,0,0,0,0,0
4254,77834721,3707,3159,256965,0,0,0,0,0,0,0,0,0,0
4278,74907379,10366,3651,545829,7,0,0,0,0,0,0,0,0,0
123,15413849,11273,59972,102297,0,91,372736,0,0,0,4513952,0,0,1
3220,99680438,145,6576,116573,0,1,32768,0,0,0,228763,0,0,0
1640,1509722,16543,27328,69340,0,9,856576,84,6687232,0,94465886,432322517,0,1
217,23410761,22220,1276649,158396,1,76,311296,1,8192,0,4903502,218910,0,1
3906,82703233,6402,19175,309193,0,0,0,0,0,0,0,0,0,0
4628,81222526,990,9711,526094,1,0,0,0,0,0,0,0,0,0
1017,53531046,24320,724360,66807,1,17,1095168,121,2285568,0,16560381,73068903,0,1
1015,19897290,14585,226066,58524,0,16,1233408,51,4795392,0,69172445,370465907,0,1
2715,47533960,23544,745721,117687,1,16,65536,0,0,0,1621332,0,0,1
3543,76449354,4030,3485,331458,0,0,0,0,0,0,0,0,0,0
5674,79833723,5260,37138,294024,0,0,0,4,32768,2,0,4231896,701233,0
2229,46880494,31940,1310843,92992,0,70,392192,0,0,0,5896407,0,0,1
379,25051189,39132,1522887,151784,9,27,544768,32,872448,0,26424295,192539217,0,1
4733,72065230,21303,6081,274028,0,0,0,0,0,0,0,0,0,0
4571,56988042,305,28275,321531,0,0,0,0,0,0,0,0,0,0
5190,77254850,14730,13864,542141,3,0,0,8,1048576,0,0,10671994,0,0
3120,69787256,218,3423,400097,0,0,0,0,0,0,0,0,0,0
4318,84286879,11026,3557,391546,8,0,0,0,0,0,0,0,0,0
296,23949151,24509,1320656,175301,1,0,0,90,1138688,0,0,30595902,0,1
5688,68760189,27584,8690,232831,0,0,0,0,0,0,0,0,0,0
4007,69990636,138,3501,349631,1,0,0,0,0,0,0,0,0,0
5654,80881279,34706,29561,253437,0,0,0,0,0,0,0,0,0,0
3089,80595136,13399,34402,321965,0,0,0,0,0,0,0,0,0,0
1428,18920587,263,257348,11115,0,9,1052672,52,4632576,0,96905971,356432798,0,1
24,3722245,2302,4527,568,0,70,315392,0,0,0,3218034,0,0,1
4162,87439177,63,3552,188652,2,0,0,0,0,0,0,0,0,0
3759,60555402,186,3640,507406,0,0,0,0,0,0,0,0,0,0
2675,54437620,13675,542057,149295,1,11,45056,0,0,0,1252494,0,0,1
532,27997856,51580,1534639,114045,5,160,3782144,0,0,0,8022722,0,0,1
3266,97834021,1759,16427,135815,0,0,0,0,0,0,0,0,0,0
4265,45928556,755,457593,576200,0,0,0,0,0,0,0,0,0,0
733,26167810,10630,192765,62366,1,24,2162688,33,2013696,1,63747477,176827676,340250,1
3945,81920065,754,97624,367602,1,0,0,0,0,0,0,0,0,0
5552,68856296,3941,7766,391375,1,0,0,0,0,0,0,0,0,0
2454,26983820,16409,1277738,41389,0,72,294912,0,0,0,5102390,0,0,1
3615,69304134,4260,3308,527336,0,0,0,0,0,0,0,0,0,0
191,19486787,35863,1225843,151080,0,77,3432448,0,0,0,6611236,0,0,1
2117,40821224,36249,459730,76814,0,48,233984,2,8192,0,5556982,2594144,0,1
3224,99051941,3357,10001,97513,0,8,131072,0,0,0,535162,0,0,0
4304,63961941,3537,3345,555132,6,0,0,0,0,0,0,0,0,0
5216,82860630,17916,4072,438239,0,0,0,37,4599808,0,0,132887760,0,0
2656,42875067,13847,258666,96887,0,0,0,126,1315840,0,0,76072827,0,1
2266,49105474,24876,1425555,154811,4,0,0,0,0,0,0,0,0,1
5234,74334945,7724,3875,322560,0,0,0,0,0,0,0,0,0,0
3691,68984467,5564,3224,493412,0,0,0,0,0,0,0,0,0,0
1282,66770958,24795,1683467,77908,1,4,267776,16,1367552,0,57306400,90320561,0,1
4456,74952278,247,13201,668330,0,0,0,0,0,0,0,0,0,0
5318,60252730,13765,22208,321968,2,0,0,0,0,0,0,0,0,0
4123,59617204,5639,3573,472432,0,0,0,0,0,0,0,0,0,0
673,36709855,20939,1322382,86446,0,27,1806336,69,654336,2,30746730,97957464,1991227,1
5338,83855533,5278,6240,604166,0,0,0,0,0,0,0,0,0,0
5215,68740459,13883,7396,505974,0,0,0,0,0,0,0,0,0,0
5871,64299527,123,3597,699576,0,0,0,0,0,0,0,0,0,0
454,24661129,28446,1390344,147642,0,0,0,0,0,0,0,0,0,1
4686,73715917,1344,14220,285554,0,0,0,0,0,0,0,0,0,0
4906,56863755,15162,10273,538593,7,0,0,0,0,0,0,0,0,0
5351,90008316,329,17106,247084,0,0,0,0,0,0,0,0,0,0
3447,89221796,161,3369,220113,3,0,0,0,0,0,0,0,0,0
4734,78753435,1408,33026,293138,0,0,0,0,0,0,0,0,0,0
2781,46819976,20139,579286,179594,1,59,241664,0,0,0,5011461,0,0,1
4654,81382108,1569,33425,335343,0,0,0,0,0,0,0,0,0,0
2276,76722161,37936,940531,100639,227,70,286720,0,0,0,5115890,0,0,1
2925,67009240,7956,256571,78489,0,2,8192,55,5533696,0,32543518,258754784,0,1
4216,78054150,2206,9344,430433,0,0,0,0,0,0,0,0,0,0
4540,80221106,6767,9985,439100,5,0,0,0,0,0,0,0,0,0
2945,67809680,11771,198809,23111,0,1,4096,5,20480,0,144756,10054550,0,1
3333,101876369,2799,3756,163278,0,0,0,0,0,0,0,0,0,0
3389,94279130,1081,3888,375838,0,0,0,0,0,0,0,0,0,0
1126,23509126,34456,766431,33135,0,36,3842048,0,0,0,4468981,0,0,1
2717,83883416,13624,205200,94878,0,1,4096,0,0,0,131332,0,0,1
1619,28411,12772,487808,190407,2,0,0,0,0,0,0,0,0,1
2487,24986310,15712,402320,143998,2,9,36864,105,548864,0,444800,5658322,0,1
5399,71742000,158,47658,489104,0,0,0,0,0,0,0,0,0,0
2528,39948823,12938,435704,44042,0,0,0,76,7458816,0,0,28825811,0,1
2721,16740688,26672,803740,125972,12,11,45056,5,20480,0,1249653,4021771,0,1
3119,66136876,1053,22980,397469,0,0,0,0,0,0,0,0,0,0
70,28654950,64914,319084,99834,0,77,343040,0,0,0,4022908,0,0,1
2083,53145832,20169,1158892,92532,0,2,8192,74,7520256,0,10484093,122378075,0,1
3731,66067124,394,3746,462592,0,0,0,0,0,0,0,0,0,0
4496,69158891,178,32266,407506,0,0,0,0,0,0,0,0,0,0
5145,77093761,11915,5286,268976,0,0,0,0,0,0,0,0,0,0
399,31111511,18136,1314742,160572,1,0,0,0,0,0,0,0,0,1
2078,48454871,31122,1060529,145594,0,45,1732096,3,12288,0,9487596,4934501,0,1
4400,64041937,4965,3426,516381,0,0,0,0,0,0,0,0,0,0
5506,71710363,3752,45524,390912,2,0,0,20,2621440,0,0,86135564,0,0
5850,52719071,10888,53123,695123,0,0,0,0,0,0,0,0,0,0
828,17706939,18593,940732,90713,2,16,1717760,85,5339136,1,30843336,138276489,2570490,1
3808,73519347,410,4976,395964,0,0,0,0,0,0,0,0,0,0
3632,70720070,216,3395,434946,0,0,0,0,0,0,0,0,0,0
5150,59070193,14154,36020,426754,3,0,0,0,0,0,0,0,0,0
2038,52482414,26876,334749,99232,79,3,12288,40,4134400,0,17669856,202944003,0,1
2233,22311109,26894,1137596,129680,1,29,236544,0,0,0,2346278,0,0,1
137,21717558,38088,1475351,178980,1,77,1227776,0,0,0,4423228,0,0,1
4078,81742985,106,3679,227896,0,0,0,0,0,0,0,0,0,0
1770,27140255,27974,1138306,72282,32,14,1477632,69,7285248,0,35172151,344831362,0,1
2778,44998226,21252,842560,131104,0,20,81920,0,0,0,1762884,0,0,1
1843,44315652,30354,605924,93742,1,22,858624,4,16384,0,3464098,823108,0,1
122,23780222,11547,91785,102462,0,91,358400,6,59392,0,9882383,5428597,0,1
4235,68246678,4802,7837,584860,3,0,0,0,0,0,0,0,0,0
2768,30093586,8205,699112,128909,0,88,360448,0,0,0,5934193,0,0,1
48,6193007,9896,302247,60099,0,63,258048,0,0,0,3149942,0,0,1
4520,73014956,11870,5965,415463,0,0,0,16,1949696,0,0,49520135,0,0
1161,51785226,17488,454190,58042,0,13,1000448,60,5332480,0,61284802,222449196,0,1
2842,83499335,29883,977373,83428,0,57,233472,0,0,0,4221658,0,0,1
525,78296837,42218,1127390,159121,5,99,2013696,1,4096,0,6082710,1631053,0,1
671,21672126,11941,1330120,137481,0,46,3295744,74,721408,2,51397658,94028343,700607,1
4543,72467387,505,23497,398723,0,0,0,0,0,0,0,0,0,0
2893,14164294,31272,542783,165974,0,51,208896,0,0,0,4252452,0,0,1
5181,75404719,13421,7869,372616,0,0,0,0,0,0,0,0,0,0
5968,64828563,956,3800,389575,0,0,0,0,0,0,0,0,0,0
2263,24646361,36654,1133835,97301,1,4,110592,23,1829376,0,15839376,143950442,0,1
4857,69208561,5362,44498,326574,2,0,0,74,9584640,0,0,71821952,0,0
2867,27140985,22670,604552,85792,21,4,16384,33,2826752,0,54674230,402925870,0,1
1432,6837089,10332,149379,15321,7,14,1197056,47,3483136,0,54736386,253698472,0,1
4070,80669171,1763,14295,238391,0,0,0,0,0,0,0,0,0,0
2235,22622170,26641,1143142,125432,2,35,286720,0,0,0,3996854,0,0,1
5303,77335994,14913,6359,283117,1,0,0,0,0,0,0,0,0,0
5065,74969371,922,5680,466823,0,0,0,0,0,0,0,0,0,0
2086,38766393,41350,1076043,91881,2,5,20480,60,5907968,0,23356534,489528381,0,1
837,19345755,38694,578838,138252,4,22,1805824,98,2721280,1,22604254,129644897,1777964,1
5377,68770060,4366,3613,225923,2,0,0,0,0,0,0,0,0,0
1616,1819516,16912,658452,135374,0,10,1121280,130,12525568,0,119322262,272836492,0,1
3018,50743686,3856,32148,16587,0,0,0,0,0,0,0,0,0,0
528,67926136,21674,1428501,177451,0,104,409088,4,16384,0,7373135,3927122,0,1
2091,32255481,40589,793648,121991,2,8,32768,38,3394560,0,26596805,302782607,0,1
3081,89904859,5745,39283,511004,0,0,0,0,0,0,0,0,0,0
3498,79656376,424,3762,321787,0,0,0,0,0,0,0,0,0,0
977,45121733,27221,189851,63230,1,61,2828288,0,0,0,5388331,0,0,1
5095,63749443,1157,9985,569250,0,0,0,12,1572864,0,0,6728174,0,0
4041,84605338,207,3318,227212,0,0,0,0,0,0,0,0,0,0
3896,59870428,229,3604,483763,0,0,0,0,0,0,0,0,0,0
5422,71592121,103,7398,488408,0,0,0,0,0,0,0,0,0,0
2099,34611975,37479,167934,142759,19,5,61440,43,4318720,0,16031491,339373697,0,1
5838,56756090,10647,16204,494495,0,0,0,0,0,0,0,0,0,0
302,25217529,34208,1353147,147280,1,0,0,80,765952,0,0,59113624,0,1
4525,72195753,1112,13176,418191,1,0,0,0,0,0,0,0,0,0
4087,84959935,691,10871,250577,0,0,0,1,114688,0,0,33821262,0,0
4810,80583492,5927,5501,359041,4,0,0,0,0,0,0,0,0,0
2814,37850903,15926,251974,26564,1,5,20480,24,2225152,0,31478855,394713744,0,1
2107,34832906,27390,585708,77139,2,3,5632,52,5019648,0,8729764,70316520,0,1
3905,80849637,197,3104,253740,0,0,0,0,0,0,0,0,0,0
1080,68631814,21652,838961,59211,2,60,974848,1,65536,0,4402259,578275,0,1
3922,75870024,385,6269,328048,0,0,0,0,0,0,0,0,0,0
2955,59903982,19102,164307,47696,0,0,0,0,0,0,0,0,0,1
3303,98557239,3713,8418,186278,0,3,49152,3,16384,1,211213,2963794,1054904,0
5786,79050298,7159,5738,287027,4,0,0,0,0,0,0,0,0,0
4422,63174100,248,7191,645449,1,0,0,0,0,0,0,0,0,0
5988,68186057,498,35811,246262,3,0,0,0,0,0,0,0,0,0
5011,67664346,11741,5714,442992,0,0,0,0,0,0,0,0,0,0
5771,74061420,507,3930,283662,0,0,0,0,0,0,0,0,0,0
4814,74521629,6201,8549,265289,0,0,0,0,0,0,0,0,0,0
1241,80780468,28167,273556,84007,0,39,2931200,0,0,0,3652079,0,0,1
5678,64260777,1908,39823,266864,0,0,0,0,0,0,0,0,0,0
3082,70660825,9632,83087,370080,4,0,0,0,0,0,0,0,0,0
4511,67422098,21544,120900,482155,0,0,0,0,0,0,0,0,0,0
4060,87861168,840,3767,228451,0,0,0,0,0,0,0,0,0,0
5724,39534768,1489,8771,241627,4,0,0,0,0,0,0,0,0,0
5978,69209032,11473,79859,452258,0,0,0,1,4096,0,0,121876,0,0
3185,72226746,164,3245,437862,0,0,0,0,0,0,0,0,0,0
4255,79082230,4326,3486,194384,4,0,0,0,0,0,0,0,0,0
5664,71472717,2093,11129,270775,0,0,0,10,1048576,0,0,182079033,0,0
2644,43083699,31882,121210,59438,0,7,315392,31,1089536,0,521004,78606692,0,1
2919,11927653,9465,632844,30238,5,43,176128,0,0,0,3517329,0,0,1
628,27855651,42279,1508877,147147,9,49,1690112,75,540672,8,16693810,9751437,3655056,1
949,84995879,22539,518563,61632,0,22,1849344,33,2338816,0,80113410,267665087,0,1
2639,42467457,6338,550977,69750,0,0,0,26,2059776,0,0,132713699,0,1
437,31015604,47304,620564,112418,0,72,741376,3,12288,0,7456154,2633347,0,1
5551,73234499,420,7025,456927,0,0,0,1,4096,0,0,70791,0,0
5063,75988648,907,4012,745697,2,0,0,8,1048576,0,0,10972807,0,0
3524,81947461,3903,8134,398517,0,0,0,0,0,0,0,0,0,0
4539,69329836,6412,9214,489449,18,0,0,0,0,0,0,0,0,0
2677,18729560,11675,668086,212566,0,1,4096,0,0,0,108647,0,0,1
5018,78862948,4780,11491,416082,0,0,0,0,0,0,0,0,0,0
1754,23444802,33554,647023,80700,1,13,1045504,134,11639296,0,72075925,133694207,0,1
1612,1379661,18827,1032671,139837,0,7,62976,57,3770368,0,51650936,238580815,0,1
4897,65034286,13257,6218,321006,1,0,0,0,0,0,0,0,0,0
3788,81959551,359,3058,381185,0,0,0,0,0,0,0,0,0,0
859,16924891,12350,64316,124939,4,40,3565568,24,233472,3,34403920,3382791,1237366,1
5584,66947088,13737,4069,416317,0,0,0,3,57344,1,0,672745,6224951,0
2672,27484528,11698,1000560,132330,5,13,53248,0,0,0,1438736,0,0,1
421,29426743,29658,1483331,133635,1,76,1395712,2,8192,0,10224854,3717445,0,1
4674,77425289,1318,16327,282135,1,0,0,0,0,0,0,0,0,0
1808,64832181,22645,1097508,123915,14,3,163840,49,5561344,0,53292725,683343065,0,1
3709,68617937,122,3572,490657,0,0,0,0,0,0,0,0,0,0
163,30626403,30146,1158694,154717,2,45,184320,45,262144,0,26738870,18809882,0,1
4223,53434499,145,3894,335975,0,0,0,0,0,0,0,0,0,0
3763,77025709,187,2327,493912,0,0,0,0,0,0,0,0,0,0
4405,66484840,279,9200,485146,0,0,0,0,0,0,0,0,0,0
1882,26128768,36407,28028,120028,0,13,1222656,41,3211776,0,94640186,262518927,0,1
3894,67290393,4584,7114,534464,0,0,0,0,0,0,0,0,0,0
3477,60494724,7846,7781,609704,2,0,0,0,0,0,0,0,0,0
4159,87096776,1637,17259,80684,0,0,0,0,0,0,0,0,0,0
1683,24703149,20072,1028464,125628,0,52,2792448,0,0,0,5410215,0,0,1
4758,79136678,13273,10436,462819,0,0,0,0,0,0,0,0,0,0
4450,53795572,363,30756,511037,0,0,0,0,0,0,0,0,0,0
1681,14715460,27089,1185407,67660,0,43,2621440,0,0,0,4207088,0,0,1
5785,66650274,792,6015,385903,0,0,0,0,0,0,0,0,0,0
5081,74394241,22306,37997,272061,0,0,0,0,0,0,0,0,0,0
5555,73769069,581,3812,414127,0,0,0,0,0,0,0,0,0,0
2288,72071328,18752,1372451,101639,1,65,976384,0,0,0,8826284,0,0,1
451,26920244,36368,1253676,124361,0,4,13824,81,9605632,0,16962051,536165646,0,1
4204,78599040,5745,7601,407750,1,0,0,0,0,0,0,0,0,0
874,74317046,30461,400089,44736,0,23,2020864,30,182272,3,5320006,5657555,1465530,1
3532,78534795,407,3161,339208,0,0,0,0,0,0,0,0,0,0
5084,70112935,1565,37470,320520,0,0,0,0,0,0,0,0,0,0
3410,81661173,252,9766,252590,0,0,0,0,0,0,0,0,0,0
2622,20745389,33802,143399,119056,2,5,20480,0,0,0,451235,0,0,1
5491,59973634,7096,50741,291569,1,0,0,8,1048576,0,0,93179045,0,0
5837,57539792,5919,45192,479741,0,0,0,0,0,0,0,0,0,0
4480,65638129,5550,4788,463046,0,0,0,0,0,0,0,0,0,0
124,14991794,13921,4120,102455,1,47,192512,0,0,0,3256077,0,0,1
2953,48089115,19150,443563,63205,0,1,4096,5,20480,0,120143,3748550,0,1
4861,80123012,7475,6481,496154,0,0,0,0,0,0,0,0,0,0
2345,52713793,26542,1132931,152861,10,73,299008,0,0,0,5147649,0,0,1
1293,107502123,33694,1305823,132518,1,60,4223488,0,0,0,5631256,0,0,1
2974,37274138,11693,814250,44110,2,0,0,1,4096,0,0,1854599,0,1
3784,75873479,6452,3059,354614,0,0,0,0,0,0,0,0,0,0
634,30369594,42727,1539894,125315,9,49,1915904,36,327680,5,22815928,5514633,3508897,1
1074,37759705,8775,491677,72192,1,63,6103552,0,0,0,5614541,0,0,1
677,29156713,47189,1152427,153756,0,15,1142784,23,2272256,1,64894339,370484462,333309,1
237,24133783,34459,1195888,169644,1,77,315392,1,4096,0,6345704,1971904,0,1
2211,26317984,11913,956966,126810,0,5,20480,0,0,0,793679,0,0,1
1757,37096823,19273,725744,61961,1,7,503296,54,4061184,0,70245610,565236111,0,1
5457,56597242,6141,3412,402266,0,0,0,0,0,0,0,0,0,0
5166,62619303,235,32470,426023,0,0,0,0,0,0,0,0,0,0
1233,44096046,27232,628865,30759,7,22,743936,11,1138688,0,2178860,2109029,0,1
1809,39047683,32740,975485,151566,13,5,369152,22,2059776,0,69274098,313297997,0,1
4956,74786700,2899,3847,690016,0,0,0,0,0,0,0,0,0,0
2645,43454032,17954,568062,90258,1,12,589824,32,1085440,0,10959303,49488836,0,1
427,26315940,27122,1399640,118546,0,73,2190848,4,16384,0,9750231,2594155,0,1
4673,73222028,8498,5503,286105,0,0,0,0,0,0,0,0,0,0
3168,86719703,232,3132,200259,0,0,0,0,0,0,0,0,0,0
1593,28819,41091,920404,128922,1,0,0,0,0,0,0,0,0,1
5900,53217784,1912,13455,497096,0,0,0,0,0,0,0,0,0,0
886,53992033,13373,161773,100132,0,18,1299968,62,4647424,1,60736699,303905421,2978774,1
5186,69573985,18843,4855,312855,0,0,0,0,0,0,0,0,0,0
5803,72910336,2872,40683,241514,0,0,0,2,20480,1,0,14399437,379464,0
5129,80263267,11814,4381,332073,0,0,0,0,0,0,0,0,0,0
663,13511973,35792,1352420,7299,0,28,1552896,21,327680,2,18649921,8330899,810478,1
1353,30536741,1154,100933,4552,0,47,2930176,1,131072,0,4047698,3031651,0,1
5100,83776346,6356,3541,475268,0,0,0,0,0,0,0,0,0,0
4358,66924974,2599,74362,614954,4,0,0,0,0,0,0,0,0,0
2154,19097177,16566,577950,6071,0,0,0,0,0,0,0,0,0,1
1179,44459072,23649,845454,65335,0,59,3705856,0,0,0,5369660,0,0,1
678,24480908,39344,1082877,128212,1,9,718336,33,3448832,0,32793747,302426410,0,1
1897,26384143,16191,21700,26191,0,39,266752,1,4096,0,3339303,80633,0,1
4468,67165838,711,10924,301637,0,0,0,0,0,0,0,0,0,0
3510,79532335,396,3243,346764,0,0,0,0,0,0,0,0,0,0
928,30745369,16949,1055914,97858,2,46,3197440,0,0,0,28125212,0,0,1
5148,65161819,14749,7121,398771,3,0,0,1,4096,0,0,12857527,0,0
476,24641896,31516,1556758,150210,0,40,1002496,4,16384,0,10683491,3087249,0,1
2759,57328640,21483,163472,2885,1,4,16384,27,3411968,0,27694366,2520091790,0,1
479,24476647,8805,1588727,81437,0,49,1704448,1,4096,0,4089648,294497,0,1
5400,66433119,5974,4064,494666,0,0,0,0,0,0,0,0,0,0
5826,52947449,5932,5381,298159,0,0,0,0,0,0,0,0,0,0
2826,41946916,17975,732860,88521,0,71,290816,0,0,0,4594237,0,0,1
4660,79721732,612,36440,386915,0,0,0,0,0,0,0,0,0,0
1735,27489276,8235,367584,129350,1,45,3317760,0,0,0,4558803,0,0,1
1509,19313476,10294,18191,2317,4,48,4680704,0,0,0,4974185,0,0,1
4350,55974714,531,9536,630395,0,0,0,9,1048576,0,0,20204058,0,0
1018,66228116,22587,749332,22360,4,42,3558400,1,131072,0,4411349,533429,0,1
5706,39341351,22942,30228,584363,0,0,0,0,0,0,0,0,0,0
5097,80075707,611,5936,529631,0,0,0,0,0,0,0,0,0,0
27,15060314,11434,74495,738,0,81,331776,0,0,0,4202365,0,0,1
1053,22348400,16942,315642,58361,91,16,1286144,50,1161216,0,22754694,130106455,0,1
1265,66075279,34483,1500193,137695,0,11,240640,29,2556416,0,49726074,297305114,0,1
1318,51046201,1164,50818,9544,11,4,256000,87,9361408,0,10166323,129733147,0,1
3681,64737051,17764,9557,501989,0,0,0,0,0,0,0,0,0,0
4958,64899691,295,31378,632028,0,0,0,0,0,0,0,0,0,0
1315,46771325,3525,404137,22135,6,3,50688,52,5171200,0,22892245,224983045,0,1
3544,78352624,245,3459,358063,0,0,0,0,0,0,0,0,0,0
4718,80089242,7120,29567,319351,0,0,0,0,0,0,0,0,0,0
345,25119077,40187,1315584,135800,0,16,403456,35,3085824,0,27454597,223982346,0,1
5374,70393212,3743,3218,209776,0,0,0,0,0,0,0,0,0,0
5559,72278369,289,11804,402440,0,0,0,0,0,0,0,0,0,0
3272,99093700,1300,4948,110183,1,0,0,0,0,0,0,0,0,0
5620,64482740,6573,45043,584990,7,0,0,0,0,0,0,0,0,0
5915,61074694,5141,7632,535304,0,0,0,0,0,0,0,0,0,0
374,33015006,35659,1208392,149426,0,55,2080768,53,315392,0,51541118,19547869,0,1
4133,82211787,6144,81947,260885,0,0,0,0,0,0,0,0,0,0
2313,21735893,24694,1271124,158401,6,2,8192,34,2810880,0,19770086,250637437,0,1
420,26282693,38296,1165211,103167,4,61,2539520,4,16384,0,8211261,4180912,0,1
2417,32390409,24514,415906,128654,1,5,20480,45,5155328,0,32884813,629566120,0,1
4247,69660869,18201,150546,445196,3,0,0,0,0,0,0,0,0,0
3558,77631363,477,3278,390760,0,0,0,0,0,0,0,0,0,0
1620,9861118,576,286060,191529,0,0,0,0,0,0,0,0,0,1
3624,69715119,294,9625,429560,0,0,0,0,0,0,0,0,0,0
2525,50542667,13509,320190,19083,0,0,0,2,102400,0,0,4955973,0,1
1638,645418,16779,434962,172656,4,53,4596736,0,0,0,7488382,0,0,1
1554,22466855,24871,1172617,170677,1,5,182272,44,3405824,0,26439344,239541152,0,1
5607,64875508,659,85995,569162,0,0,0,0,0,0,0,0,0,0
4978,82063595,2068,8088,252913,0,0,0,0,0,0,0,0,0,0
2388,25799798,26161,130787,133137,5,31,126976,28,122880,0,20158899,15472466,0,1
4776,80671818,6220,5373,322120,1,0,0,0,0,0,0,0,0,0
3144,88368074,3235,6257,179691,0,0,0,0,0,0,0,0,0,0
6,19475025,8149,451248,76678,0,0,0,0,0,0,0,0,0,1
220,30441253,30340,1285357,147054,0,71,290816,1,4096,0,4643024,362516,0,1
752,19279467,8595,1032515,47013,5,26,2481664,59,1241088,1,48060152,121911654,1041306,1
966,13027977,8210,770535,41718,1,46,2578432,2,8192,0,16281124,1797724,0,1
5597,72551180,797,9000,464068,0,0,0,0,0,0,0,0,0,0
2403,39468147,21704,182102,74562,32,44,261632,0,0,0,3942925,0,0,1
4343,61937432,1596,30082,563859,3,0,0,0,0,0,0,0,0,0
3528,65655406,618,11699,312118,1,0,0,0,0,0,0,0,0,0
899,33280088,28113,718842,64887,5,35,3340800,40,3325440,0,60941475,244466631,0,1
5512,76738204,5804,76217,298995,4,0,0,24,3145728,0,0,108803159,0,0
3489,79545959,868,3639,311143,0,0,0,0,0,0,0,0,0,0
3396,90541213,415,3586,360429,0,0,0,0,0,0,0,0,0,0
5208,69965716,23834,4607,311676,0,0,0,0,0,0,0,0,0,0
815,17301393,25722,236138,43439,8,8,642560,54,1203712,0,24639624,132780525,0,1
148,30004519,51516,1325782,150608,3,12,49152,69,585728,0,45836543,101473152,0,1
738,20226022,23763,537454,39195,3,9,783360,31,2027520,0,31621657,145521287,0,1
1575,4296957,38546,1254876,134598,0,48,4670464,0,0,0,4745344,0,0,1
574,38766077,40022,1115247,168779,1,75,2841600,0,0,0,24355758,0,0,1
2589,29809585,33741,517396,157001,2,0,0,86,876544,0,0,32045665,0,1
5249,75594160,17691,4087,441530,0,0,0,0,0,0,0,0,0,0
5866,65878713,505,12315,700559,0,0,0,0,0,0,0,0,0,0
5326,66882272,11223,17561,318929,0,0,0,0,0,0,0,0,0,0
5494,31041931,5461,16194,348147,0,0,0,0,0,0,0,0,0,0
5466,18326060,1190,61915,392131,0,0,0,24,3145728,0,0,132251307,0,0
4553,72397415,14052,3217,444414,0,0,0,0,0,0,0,0,0,0
4489,71398563,6472,3747,462030,0,0,0,3,73728,1,0,4396768,315347,0
5468,66679405,5115,2991,419367,0,0,0,25,3145728,0,0,138633634,0,0
3277,104065501,331,3447,107211,0,0,0,0,0,0,0,0,0,0
3899,65790018,174,3412,551374,0,0,0,0,0,0,0,0,0,0
952,37346122,24156,264658,62223,0,6,222208,29,1925120,0,17284633,123237916,0,1
168,17827654,26531,872783,155280,1,48,654848,47,704512,0,28323282,21634679,0,1
4920,62944030,804,94027,631377,0,0,0,0,0,0,0,0,0,0
4153,86850357,4189,7626,269153,0,0,0,0,0,0,0,0,0,0
5333,85562597,5051,31277,438560,0,0,0,2,8192,0,0,149254,0,0
1461,279086,1558,148115,10034,3,64,3124736,0,0,0,4968416,0,0,1
5854,67374169,400,9222,720627,0,0,0,0,0,0,0,0,0,0
3863,81773408,8975,13380,283321,1,0,0,0,0,0,0,0,0,0
5807,80801377,14821,14523,276332,0,0,0,0,0,0,0,0,0,0
5465,66855702,4066,61861,399919,1,0,0,32,4194304,0,0,51651573,0,0
3427,91691458,366,3567,312034,0,0,0,0,0,0,0,0,0,0
5799,72215535,1424,10850,283703,1,0,0,0,0,0,0,0,0,0
4378,72846747,1664,3341,453275,0,0,0,0,0,0,0,0,0,0
598,35436978,46551,1193934,133488,2,0,0,0,0,0,0,0,0,1
4636,75882159,19393,10120,275076,2,0,0,0,0,0,0,0,0,0
2036,46620802,31073,882491,95008,101,9,36864,59,4512768,0,29305970,219707792,0,1
5191,78958726,5862,39466,256873,0,0,0,0,0,0,0,0,0,0
2361,24463789,33526,824735,133677,2,18,77824,74,2269184,0,25398507,120348873,0,1
4575,63408263,142,5057,635325,0,0,0,0,0,0,0,0,0,0
1933,49714516,2035,785805,105201,4,0,0,40,1753088,0,0,138978879,0,1
3308,99067682,418,3096,178831,0,0,0,0,0,0,0,0,0,0
3193,69278393,8201,9102,444942,0,0,0,0,0,0,0,0,0,0
4676,75902768,22396,10434,286181,0,0,0,0,0,0,0,0,0,0
3324,100544573,849,3455,171494,1,0,0,0,0,0,0,0,0,0
580,28095371,29717,1488267,116458,0,55,3182080,0,0,0,28461613,0,0,1
654,35005549,42452,1320048,155839,1,45,768512,38,430080,6,4450475,3295366,3039913,1
410,22011059,39928,1466220,134869,17,26,484864,0,0,0,1965788,0,0,1
922,95550265,19570,749873,58196,0,24,1915392,2,28672,0,81180325,14496123,0,1
2854,44312162,29473,397026,66376,2,29,118784,53,368640,0,23250789,18445266,0,1
4307,63034757,23354,7842,626090,3,0,0,0,0,0,0,0,0,0
4290,63177078,637,111300,517929,0,0,0,0,0,0,0,0,0,0
5402,72194362,251,9035,488849,0,0,0,0,0,0,0,0,0,0
3509,76407892,9489,6106,375269,0,0,0,0,0,0,0,0,0,0
460,25947055,11069,1269393,147919,1,20,647168,42,3847168,0,47342387,248384426,0,1
554,31344703,40707,1491989,125244,0,58,2958336,0,0,0,17106024,0,0,1
2365,27019956,25907,797555,98288,1,0,0,0,0,0,0,0,0,1
1246,83389318,33532,877413,42984,0,47,3614720,0,0,0,4605646,0,0,1
1262,63252537,32496,1029556,48006,0,17,1803776,21,2162176,0,149295728,418486711,0,1
4687,70330689,16874,7014,297519,0,0,0,0,0,0,0,0,0,0
3372,95236253,1730,4815,372497,0,0,0,0,0,0,0,0,0,0
4719,72211393,640,4290,327217,0,0,0,0,0,0,0,0,0,0
2870,27268259,14616,1126752,54373,1,8,32768,19,1634304,0,41852963,163546815,0,1
2998,25929969,15524,668858,88194,9,43,1006592,6,172032,0,3624492,624679,0,1
377,24724497,33291,1496577,189816,2,30,217088,21,397312,0,13920130,22647234,0,1
1705,18580329,32543,780714,8836,554,0,0,27,2845696,0,0,23593079,0,1
3268,103515138,574,3345,113027,5,0,0,0,0,0,0,0,0,0
812,17632482,17309,952604,46373,8,0,0,92,1085952,1,0,173951153,1512399,1
3343,104251126,3460,11727,129694,0,0,0,0,0,0,0,0,0,0
4491,65952525,10233,7285,471039,1,0,0,0,0,0,0,0,0,0
5366,58712175,4156,3158,202411,0,0,0,0,0,0,0,0,0,0
4696,76580586,1585,8926,261265,0,0,0,0,0,0,0,0,0,0
2060,35599679,18256,1027776,101953,15,65,463360,0,0,0,5516633,0,0,1
1379,17064817,1339,57616,7925,4,10,473600,33,1618944,0,34566577,137272629,0,1
4803,82811206,13627,9665,286461,1,0,0,0,0,0,0,0,0,0
1063,29034062,18741,53737,73892,0,12,1006080,69,7150592,0,55564899,260006888,0,1
19,7574446,3938,5067,14830,0,55,1617920,0,0,0,4215750,0,0,1
2089,22307055,29823,182668,114940,2,4,16384,80,8420352,0,16446440,328631314,0,1
3695,70168068,319,7643,505695,0,0,0,0,0,0,0,0,0,0
3667,45178242,5832,11835,508463,0,0,0,0,0,0,0,0,0,0
243,28266683,17649,1368784,162298,0,22,90112,0,0,0,1104876,0,0,1
1885,19420761,34862,221742,121162,0,39,3285504,1,4096,0,26815841,7248433,0,1
3557,76483354,7940,4103,348493,0,0,0,0,0,0,0,0,0,0
2020,30182249,32637,551488,115595,2,69,282624,0,0,0,5635065,0,0,1
4396,69899056,556,8031,591759,0,0,0,0,0,0,0,0,0,0
1799,42371891,31702,788027,128418,3,23,1614336,11,45056,0,9128458,7301335,0,1
5961,66944078,11286,5387,576795,0,0,0,0,0,0,0,0,0,0
2527,23773041,15343,163468,48406,1,0,0,78,7843840,0,0,338881439,0,1
5429,69779656,441,3670,473146,0,0,0,0,0,0,0,0,0,0
4426,63774370,9729,3656,500346,0,0,0,0,0,0,0,0,0,0
2437,26871551,27653,941588,119987,0,12,1077248,0,0,0,5170338,0,0,1
2202,58787774,13168,1201525,159430,5,4,16384,40,3891200,0,38956353,676474152,0,1
807,22396076,30315,1046166,95656,1,38,3693568,46,2625536,1,108275533,353423006,316111,1
4771,74907384,7704,9672,300622,0,0,0,0,0,0,0,0,0,0
1381,20966188,4262,46616,1473,0,17,1597952,187,15119360,0,56957560,98144120,0,1
4288,63684005,3947,3530,388891,0,0,0,0,0,0,0,0,0,0
4618,67665120,5298,5183,302793,1,0,0,0,0,0,0,0,0,0
2477,25940708,12252,351086,135493,2,5,20480,29,3249152,0,34461785,454279206,0,1
4354,65811002,187,2977,662133,4,0,0,0,0,0,0,0,0,0
3682,67756021,2254,3594,440099,0,0,0,0,0,0,0,0,0,0
2914,22340420,31519,782500,86866,2,67,274432,0,0,0,4643013,0,0,1
1532,27056725,46507,966927,149719,0,23,2365440,28,3058688,0,217930230,625141074,0,1
2021,39437970,24617,658521,20387,0,52,212992,10,933888,0,4409989,1764045,0,1
3091,63002934,9635,7027,510440,0,0,0,0,0,0,0,0,0,0
4998,70297178,16137,9958,433204,0,0,0,8,1048576,0,0,31731895,0,0
3847,76471122,316,4279,365188,0,0,0,0,0,0,0,0,0,0
4286,67984642,4554,3356,512138,0,0,0,0,0,0,0,0,0,0
569,29939353,20801,1541434,167963,2,6,24576,0,0,0,496590,0,0,1
2281,64607866,32404,1310197,85979,2,61,2573824,0,0,0,14045289,0,0,1
1522,35852751,45603,744992,20814,18,33,1622016,0,0,0,3176550,0,0,1
3853,74650205,5975,3412,352138,0,0,0,0,0,0,0,0,0,0
2125,27682688,30884,558236,90238,1,37,3252736,1,4096,0,21297594,122880,0,1
4215,76520794,995,4041,401655,0,0,0,0,0,0,0,0,0,0
1488,27582011,5198,239126,21002,1,3,28672,54,5550080,0,10276409,334075415,0,1
2776,28330344,27526,565701,120147,0,69,282624,0,0,0,4552881,0,0,1
1557,24062939,36354,1252372,162655,1,38,2744832,35,2395648,0,39840763,128200149,0,1
2704,81026114,5300,1089220,78696,16,1,4096,108,10638336,0,19202,33577134,0,1
4801,82288041,1522,4878,382374,0,0,0,0,0,0,0,0,0,0
3734,65800351,5923,3713,543347,0,0,0,0,0,0,0,0,0,0
418,22582578,35817,1392448,80011,2,67,3154432,1,4096,0,5105064,58457,0,1
496,25671803,38484,529580,130685,1,118,508928,0,0,0,6549932,0,0,1
2887,25108186,26578,750765,39414,4,62,253952,0,0,0,5085708,0,0,1
767,23368827,8877,1308593,96541,5,17,1534976,31,262144,3,8912778,3330457,2162278,1
2962,54834721,3307,260080,65336,1,0,0,0,0,0,0,0,0,1
2057,40066055,38401,1077530,75595,1,16,64512,34,3387392,0,17760932,133887100,0,1
5686,70231762,3940,10644,234891,2,0,0,0,0,0,0,0,0,0
2343,34381800,31253,410651,108119,1,45,184320,1,8192,0,21603132,9551671,0,1
1462,11549309,250,122098,7105,1,53,4295680,0,0,0,5360085,0,0,1
1606,573909,33371,748880,194641,14,4,154112,20,2033152,0,46878471,485524675,0,1
167,15139288,27843,1278294,186751,0,42,192512,38,172032,0,20091869,28261490,0,1
2532,20722279,35675,409640,67719,1,4,16384,99,2169856,0,10639019,181409739,0,1
4877,77829513,16260,79000,292766,0,0,0,0,0,0,0,0,0,0
3428,82058286,597,22124,295237,0,0,0,0,0,0,0,0,0,0
153,26769339,30285,1088721,161251,0,17,69632,58,385024,0,48540014,122745962,0,1
3409,94293745,5811,3675,257166,1,0,0,0,0,0,0,0,0,0
5700,74516963,3061,70629,241790,0,0,0,0,0,0,0,0,0,0
1447,6647766,6254,111989,8582,0,16,1443840,35,3369984,0,86811378,280764896,0,1
2859,28532505,10394,784427,179049,13,0,0,53,745472,0,0,28718883,0,1
4608,74908071,2061,8251,612366,0,0,0,0,0,0,0,0,0,0
833,16740375,17155,487051,123354,0,19,2039808,48,1115648,1,24862577,112949391,275930,1
5439,66926135,238,10576,496247,0,0,0,0,0,0,0,0,0,0
614,24849681,45685,1456872,145751,2,15,944128,27,1666048,1,25084104,164426482,722417,1
2921,32025706,9546,509109,5850,1,12,49152,13,1302528,0,31359731,112528010,0,1
367,21372518,22557,1477060,112019,0,5,20480,147,880640,0,10307622,48162391,0,1
3966,64497999,1905,3366,492070,0,0,0,0,0,0,0,0,0,0
934,87294072,26563,520790,56151,3,48,4050432,24,3129344,0,31215114,20558522,0,1
133,27200133,34912,1283468,131776,1,104,618496,0,0,0,4987225,0,0,1
5581,66635689,11740,3444,445533,0,0,0,0,0,0,0,0,0,0
103,25291509,33016,832869,99805,0,42,404480,7,688128,0,2847508,4696940,0,1
3744,65130858,511,10741,548059,1,0,0,0,0,0,0,0,0,0
1263,66433187,33946,1079055,9580,0,24,2050560,38,756736,0,57032098,109737733,0,1
2869,55745424,18633,232193,65086,0,12,49152,33,3273728,0,41596229,425664593,0,1
4573,60919202,459,3301,608966,3,0,0,0,0,0,0,0,0,0
5898,53307037,10413,10533,529202,0,0,0,0,0,0,0,0,0,0
4518,61897451,409,4778,382494,0,0,0,0,0,0,0,0,0,0
4031,70639176,7979,3271,456233,0,0,0,0,0,0,0,0,0,0
3870,66076511,549,3751,403579,0,0,0,0,0,0,0,0,0,0
3817,76802759,340,33529,403307,0,0,0,0,0,0,0,0,0,0
4495,68796843,365,3634,483564,0,0,0,0,0,0,0,0,0,0
447,32911531,45674,1510847,34680,0,76,4421120,1,4096,0,6239397,267223,0,1
1718,37687020,22174,1222238,33657,1,14,1227264,86,4864000,0,48472900,231018932,0,1
1471,54125489,2073,200077,7235,3,36,3657728,0,0,0,3676786,0,0,1
4359,70052775,217,18675,458395,0,0,0,0,0,0,0,0,0,0
512,39392731,41043,1436358,139391,2,131,736256,0,0,0,6682141,0,0,1
2784,82392800,16826,187884,152919,0,46,188416,0,0,0,4759140,0,0,1
582,28011722,22152,1410531,188925,0,67,1710592,0,0,0,12025363,0,0,1
366,24767630,27111,1286765,141777,0,16,1030144,75,3756032,1,12032300,74714175,6513045,1
323,25005198,35853,1507323,144462,0,78,302592,0,0,0,4603200,0,0,1
3580,60793268,4612,101028,384393,0,0,0,0,0,0,0,0,0,0
452,24832004,35457,1356726,157434,0,3,10752,69,8302080,0,53053421,467563661,0,1
3997,76226924,5805,3733,403219,0,0,0,0,0,0,0,0,0,0
5021,67693395,63133,10056,271185,0,0,0,0,0,0,0,0,0,0
2476,21206317,8821,558992,136458,0,8,32768,19,2180096,0,37695866,328759394,0,1
2491,23826093,17001,560582,118549,12,9,36864,69,380928,0,12850173,11105624,0,1
96,68299056,10598,1160418,147556,2,67,274432,0,0,0,4033282,0,0,1
1075,56679655,34916,107750,42877,0,52,4495360,0,0,0,4950530,0,0,1
5956,33858451,8779,5086,588657,0,0,0,0,0,0,0,0,0,0
4990,79060442,6925,7829,408696,1,0,0,0,0,0,0,0,0,0
2621,27736731,17383,372749,24569,1,9,36864,1,4096,0,833396,296632,0,1
3972,67339119,322,4003,512795,0,0,0,0,0,0,0,0,0,0
5386,66433957,7168,3217,348967,0,0,0,0,0,0,0,0,0,0
1291,78165300,20521,1402304,106776,16,58,5292544,0,0,0,5549949,0,0,1
4363,67856717,1161,3174,576489,1,0,0,0,0,0,0,0,0,0
1894,13909902,21583,62706,127282,0,38,351232,1,4096,0,3397370,68072,0,1
5237,73549184,1374,17174,426549,0,0,0,0,0,0,0,0,0,0
4452,56956064,1481,29143,643367,0,0,0,8,1048576,0,0,44419907,0,0
5227,68498461,18037,8606,526995,0,0,0,0,0,0,0,0,0,0
3470,89466774,186,3482,318252,2,0,0,0,0,0,0,0,0,0
189,24427600,26258,1363654,147274,4,99,2101248,1,4096,0,7178436,75580,0,1
29,17054376,12164,4941,522,0,87,496128,0,0,0,4360593,0,0,1
3783,76352452,305,6876,348781,0,0,0,0,0,0,0,0,0,0
5538,72973014,490,3713,439701,0,0,0,0,0,0,0,0,0,0
3306,93003608,3431,7546,148985,0,0,0,0,0,0,0,0,0,0
2504,27113269,21502,287505,52319,1,27,110592,0,0,0,2742575,0,0,1
1778,35575027,22163,1181197,116055,2,42,3311104,0,0,0,23923774,0,0,1
4420,62036946,5364,3261,675807,0,0,0,0,0,0,0,0,0,0
2110,64833896,37531,618142,156977,0,47,225792,3,12288,0,3185971,221314,0,1
368,25393276,26209,1418821,153663,3,6,168960,238,3248128,0,1765143,59794168,0,1
5475,68903426,330,3293,328629,0,0,0,24,3145728,0,0,32063890,0,0
5174,75588681,7332,5876,310170,0,0,0,0,0,0,0,0,0,0
1944,31785546,9624,164134,129963,3,40,4200448,0,0,0,27818802,0,0,1
2683,16238456,10757,1031424,234155,0,7,28672,0,0,0,850204,0,0,1
4611,75855857,4919,7660,382718,0,0,0,0,0,0,0,0,0,0
3705,67567079,3577,3338,446278,0,0,0,0,0,0,0,0,0,0
4605,79230832,589,9054,714523,0,0,0,5,655360,0,0,4773836,0,0
4585,59950773,8124,28984,628586,0,0,0,0,0,0,0,0,0,0
4942,53779037,1907,69197,417995,0,0,0,16,2097152,0,0,12005126,0,0
890,32272861,21354,309337,64624,0,21,2119680,52,5078016,0,48189761,176096596,0,1
5382,72271844,454,7196,239050,0,0,0,0,0,0,0,0,0,0
5984,66005941,943,62134,510111,0,0,0,1,4096,1,0,132175,323121,0
234,23211742,23009,1389238,166867,1,90,368640,1,4096,0,4761890,214008,0,1
2716,9642771,21080,777242,133077,3,54,221184,1,4096,0,4637776,80999,0,1
4019,63548386,3765,8289,513443,0,0,0,0,0,0,0,0,0,0
1494,52475941,11289,620376,35528,0,3,207872,61,6541312,0,19834286,178530527,0,1
3559,74106513,2400,7903,334834,2,0,0,0,0,0,0,0,0,0
4709,91716270,1446,10130,353184,0,0,0,0,0,0,0,0,0,0
1819,64818687,22498,927506,138676,1,25,3005440,32,1169920,0,90343114,155645125,0,1
3837,79091650,250,11762,248416,0,0,0,0,0,0,0,0,0,0
5453,74896106,161,7236,374336,3,0,0,0,0,0,0,0,0,0
3511,74588696,5950,7057,364985,0,0,0,0,0,0,0,0,0,0
5507,72498556,6913,8321,350493,1,0,0,28,3670016,0,0,79522543,0,0
3047,28402,5,4535,565,0,0,0,0,0,0,0,0,0,0
5460,58536035,5628,3462,398300,0,0,0,0,0,0,0,0,0,0
1577,1153092,39426,539462,171858,4,51,3631104,0,0,0,4833819,0,0,1
4021,65873507,498,3257,516085,0,0,0,0,0,0,0,0,0,0
4614,53329019,9147,16407,446785,0,0,0,0,0,0,0,0,0,0
53,10737848,16108,270700,22609,0,25,102400,0,0,0,1625960,0,0,1
1679,27104031,32216,716256,104642,1,41,3471872,1,49152,0,4628527,91680,0,1
2127,19912737,27730,293764,115896,0,24,1596928,8,32768,0,3788188,974637,0,1
4579,72447973,7544,3338,642792,7,0,0,0,0,0,0,0,0,0
1790,67133191,25419,1240948,155481,3,39,3185664,2,131072,0,18457350,2356732,0,1
5815,71212604,11562,9815,254648,0,0,0,0,0,0,0,0,0,0
4471,71380511,2217,17074,487224,0,0,0,2,8192,0,0,177547,0,0
246,23320563,12733,1261672,137578,0,66,270336,0,0,0,3456473,0,0,1
604,26666124,26562,1435473,181041,0,22,1558528,97,651264,0,11955441,7908105,0,1
1997,24617149,35988,1227527,135847,13,25,261632,18,1077248,0,2091549,19060902,0,1
3909,74201018,5560,4001,290919,0,0,0,0,0,0,0,0,0,0
3157,87884991,489,3454,205760,0,0,0,0,0,0,0,0,0,0
3485,82906282,6263,11470,457974,0,0,0,0,0,0,0,0,0,0
836,19688390,34223,657632,89957,0,11,1005568,78,1112576,2,11275009,46871873,3032650,1
1171,24990270,35129,762633,56409,5,38,703488,44,3817472,0,9982605,165489533,0,1
1325,39751555,3572,74582,10391,6,1,17920,186,21505536,0,30631,144999388,0,1
4951,61202720,8077,4211,649898,0,0,0,0,0,0,0,0,0,0
5304,82017581,8314,15993,379702,0,0,0,0,0,0,0,0,0,0
5627,72073979,14352,72356,646571,2,0,0,0,0,0,0,0,0,0
3001,14719499,402,478718,88466,4,0,0,0,0,0,0,0,0,0
3512,77568262,548,3426,398188,0,0,0,0,0,0,0,0,0,0
5473,57295615,5266,16912,37923,1,0,0,39,5111808,0,0,99841597,0,0
1858,27449991,36418,1102278,96715,0,44,2763264,0,0,0,18867691,0,0,1
3554,73540810,1726,9804,374622,18,0,0,0,0,0,0,0,0,0
4985,58775849,2543,12871,441886,0,0,0,0,0,0,0,0,0,0
3352,103962371,685,6332,154425,0,0,0,0,0,0,0,0,0,0
503,30428970,58182,472203,143723,0,5,20480,37,3350528,0,21645171,369501521,0,1
2941,50107565,12152,4556,53780,2,32,131072,0,0,0,2661003,0,0,1
3578,60604504,3907,36350,329937,0,0,0,1,4096,0,0,79960,0,0
1861,29215118,30903,360937,105825,0,12,1354240,46,4529664,0,56086847,499319614,0,1
5638,69910487,591,3558,662846,2,0,0,0,0,0,0,0,0,0
2791,38660270,10304,777169,79114,0,61,249856,0,0,0,5743271,0,0,1
3702,66767623,268,3416,517053,0,0,0,0,0,0,0,0,0,0
2191,27698649,240,754430,21145,3,26,106496,0,0,0,1779659,0,0,1
4693,74489874,13946,6279,293922,0,0,0,0,0,0,0,0,0,0
1337,41715047,1022,198047,13343,0,43,4414976,31,991232,0,5116354,2213028,0,1
1755,26748015,23044,612239,100641,3,2,52736,5,243712,0,57752138,166201855,0,1
2559,36053609,22970,740339,130115,1,0,0,0,0,0,0,0,0,1
4371,68453440,4731,65229,536157,0,0,0,2,8192,0,0,3536646,0,0
4203,80738605,354,3671,378451,0,0,0,0,0,0,0,0,0,0
4643,69987698,582,10617,249056,0,0,0,0,0,0,0,0,0,0
4285,65066068,310,8152,531643,0,0,0,0,0,0,0,0,0,0
4441,68759566,6349,3273,602393,1,0,0,40,691200,1,0,100112242,1736661,0
1181,42339377,32375,1376491,16577,0,33,2802176,0,0,0,3831455,0,0,1
5199,68895787,2577,4516,416275,0,0,0,0,0,0,0,0,0,0
2586,29150288,20262,452116,145177,2,0,0,65,2637824,0,0,23670817,0,1
3795,68915964,5609,21207,498769,4,0,0,0,0,0,0,0,0,0
4478,67138480,501,9944,458912,0,0,0,8,1048576,0,0,5094378,0,0
269,30722635,38637,1217161,122053,0,62,1269760,0,0,0,4597655,0,0,1
1626,1449582,38570,871525,131751,7,24,2096128,67,2433024,0,2807205,9217202,0,1
177,25916008,29565,1233620,154480,1,49,3765760,47,557056,0,33136328,18664084,0,1
